collectorNumber,foiled,inMyTradelist,inMyCollection,inMyWantlist,name_fr,faction,rarity,type,handCost,reserveCost,forestPower,mountainPower,waterPower,landmarksSize,reserveSize,abilities_fr,supportAbility_fr,id,imagePath
BTG-001-H-FR,False,0,2,False,Sierra & Oddball,Axiom,Commun,Héros,0,0,,,,2,2,Lorsque vous jouez un Permanent de Coût de Main {3} ou plus — Vous pouvez m'épuiser ({T}) pour créer un jeton Robot [2/2/2 Scarabot] dans une Expédition ciblée.,,ALT_CORE_B_AX_01_C,https://altered-prod-eu.s3.amazonaws.com/Art/CORE/CARDS/ALT_CORE_B_AX_01/JPG/fr_FR/d66890a9d2a85b86d9ebc323ee10fe83.jpg
BTG-001-H-FR,False,0,1,False,Sierra & Oddball,Axiom,Commun,Héros,0,0,,,,2,2,Lorsque vous jouez un Permanent de Coût de Main {3} ou plus — Vous pouvez m'épuiser ({T}) pour créer un jeton Robot [2/2/2 Scarabot] dans une Expédition ciblée.,,ALT_COREKS_B_AX_01_C,https://altered-prod-eu.s3.amazonaws.com/Art/COREKS/CARDS/ALT_CORE_B_AX_01/JPG/fr_FR/d78b3e7de2cd94ebfc82d52dbb215d01.jpg
BTG-002-H-FR,False,0,1,False,Subhash & Marmo,Axiom,Commun,Héros,0,0,,,,2,2,À Midi — Vous pouvez payer {1} et mettre une carte de votre main en Réserve pour créer un jeton Robot [2/2/2 Scarabot] dans une Expédition ciblée.,,ALT_CORE_B_AX_03_C,https://altered-prod-eu.s3.amazonaws.com/Art/CORE/CARDS/ALT_CORE_B_AX_03/JPG/fr_FR/685ac001d7271fbefaefbd13eee58c21.jpg
BTG-003-H-FR,False,0,2,False,Treyst & Rossum,Axiom,Commun,Héros,0,0,,,,2,2,"Lorsqu'une carte quitte votre Réserve pendant l'Après-midi — Si j'ai moins de cinq compteurs Ferraille, je gagne un compteur Ferraille.  Si j'ai au moins cinq compteurs Ferraille, je gagne « {T} : Piochez une carte, puis mettez une carte de votre main en Réserve. »",,ALT_CORE_B_AX_02_C,https://altered-prod-eu.s3.amazonaws.com/Art/CORE/CARDS/ALT_CORE_B_AX_02/JPG/fr_FR/7e5b29374278b12806fac1b987fc64b8.jpg
BTG-004-C-FR,False,0,2,False,Mécanicienne de la Fonderie,Axiom,Commun,Personnage,1,1,0,1,1,,,,{D} : Le prochain Permanent que vous jouez ce tour coûte {1} de moins. (Défaussez-moi de la Réserve pour ça.),ALT_CORE_B_AX_07_C,https://altered-prod-eu.s3.amazonaws.com/Art/CORE/CARDS/ALT_CORE_B_AX_07/JPG/fr_FR/ba7cab9db2e76ff2740b522a56b43604.jpg
BTG-004-F-FR,False,0,1,False,Mécanicienne de la Fonderie,Ordis,Rare,Personnage,1,1,#1#,1,#2#,,,,{D} : Le prochain Permanent que vous jouez ce tour coûte {1} de moins. (Défaussez-moi de la Réserve pour ça.),ALT_CORE_B_AX_07_R2,https://altered-prod-eu.s3.amazonaws.com/Art/CORE/CARDS/ALT_CORE_B_AX_07/JPG/fr_FR/9b5204c6ccd1f147022dfc26dc12fb6a.jpg
BTG-005-C-FR,False,0,1,False,Récupérateur Axiom,Axiom,Commun,Personnage,1,2,1,1,1,,,{R} [Ravitaillez]. (Mettez la première carte de votre deck en Réserve.),,ALT_CORE_B_AX_08_C,https://altered-prod-eu.s3.amazonaws.com/Art/CORE/CARDS/ALT_CORE_B_AX_08/JPG/fr_FR/712714b01813f326b256aa70530bccfb.jpg
BTG-006-C-FR,False,0,1,False,Ada Lovelace,Axiom,Commun,Personnage,2,2,1,3,1,,,"{R} Vous pouvez mettre une carte de votre main en Réserve. Si c'est un Permanent, piochez une carte.",,ALT_CORE_B_AX_13_C,https://altered-prod-eu.s3.amazonaws.com/Art/CORE/CARDS/ALT_CORE_B_AX_13/JPG/fr_FR/07812c9c76769936310bd766fbd491fc.jpg
BTG-007-C-FR,False,0,2,False,Coppélia,Axiom,Commun,Personnage,2,2,2,2,0,,,"Lorsque je vais en Réserve depuis votre main — Vous pouvez me jouer gratuitement et je gagne [[Endormi]]. (Au Crépuscule, ignorez mes statistiques. Au Repos, je ne vais pas en Réserve et je perds Endormi.)",,ALT_CORE_B_AX_14_C,https://altered-prod-eu.s3.amazonaws.com/Art/CORE/CARDS/ALT_CORE_B_AX_14/JPG/fr_FR/2b11c3149bc8ed175e4b454c6cf2d8d7.jpg
BTG-007-F-FR,False,0,2,False,Coppélia,Muna,Rare,Personnage,2,2,#3#,#3#,0,,,"Lorsque je vais en Réserve depuis votre main — Vous pouvez me jouer gratuitement et je gagne [[Endormi]]. (Au Crépuscule, ignorez mes statistiques. Au Repos, je ne vais pas en Réserve et je perds Endormi.)",,ALT_CORE_B_AX_14_R2,https://altered-prod-eu.s3.amazonaws.com/Art/CORE/CARDS/ALT_CORE_B_AX_14/JPG/fr_FR/867996a42e0b5ad12644270f45dab40f.jpg
BTG-008-C-FR,False,0,2,False,Ingénieure de la Fonderie,Axiom,Commun,Personnage,2,2,2,2,1,,,{R} Le prochain Permanent que vous jouez cet Après-midi coûte {1} de moins.,,ALT_CORE_B_AX_05_C,https://altered-prod-eu.s3.amazonaws.com/Art/CORE/CARDS/ALT_CORE_B_AX_05/JPG/fr_FR/ee92e8bf09111599be23ef285e0282d5.jpg
BTG-009-C-FR,False,0,1,False,"Jian, Superviseur d'Assemblage",Axiom,Commun,Personnage,2,2,3,2,0,,,,,ALT_CORE_B_AX_10_C,https://altered-prod-eu.s3.amazonaws.com/Art/CORE/CARDS/ALT_CORE_B_AX_10/JPG/fr_FR/9a03425c92dabfed748f4ead05838698.jpg
BTG-009-R-FR,False,0,1,False,"Jian, Superviseur d'Assemblage",Axiom,Rare,Personnage,2,2,3,2,0,,,,#{D} : Activez les capacités {j} d'un Permanent ciblé que vous contrôlez.# (Défaussez-moi de la Réserve pour ça.),ALT_CORE_B_AX_10_R1,https://altered-prod-eu.s3.amazonaws.com/Art/CORE/CARDS/ALT_CORE_B_AX_10/JPG/fr_FR/730a937931d0510f51fbba6ce8761fd0.jpg
BTG-010-C-FR,False,0,1,False,Élémentaire de Kélon,Axiom,Commun,Personnage,2,2,1,3,3,,,{H} Mettez une carte de votre main en Réserve.,,ALT_CORE_B_AX_04_C,https://altered-prod-eu.s3.amazonaws.com/Art/CORE/CARDS/ALT_CORE_B_AX_04/JPG/fr_FR/d1ab7926496554e968bf3609d0a2cdb9.jpg
BTG-011-C-FR,False,0,1,False,Ogun,Axiom,Commun,Personnage,2,2,2,1,1,,,{J} Les Robots que vous contrôlez gagnent 1 boost[]. (Un boost est un compteur +1/+1/+1. Retirez-le lorsqu'il quitte la zone d'Expédition.),,ALT_CORE_B_AX_06_C,https://altered-prod-eu.s3.amazonaws.com/Art/CORE/CARDS/ALT_CORE_B_AX_06/JPG/fr_FR/f9e526f4085b7cfe7d931bea6ba550e3.jpg
BTG-012-C-FR,False,0,1,False,Amelia Earhart,Axiom,Commun,Personnage,3,1,2,2,2,,,,,ALT_CORE_B_AX_11_C,https://altered-prod-eu.s3.amazonaws.com/Art/CORE/CARDS/ALT_CORE_B_AX_11/JPG/fr_FR/219fe4f6843b28d466120e8d4f564e5f.jpg
BTG-013-C-FR,False,0,1,False,Armurière de la Fonderie,Axiom,Commun,Personnage,3,3,2,2,2,,,{R} Créez un jeton Robot [2/2/2 Scarabot] dans une Expédition ciblée.,,ALT_CORE_B_AX_16_C,https://altered-prod-eu.s3.amazonaws.com/Art/CORE/CARDS/ALT_CORE_B_AX_16/JPG/fr_FR/ff2e526305cb21b1416c464405ca831d.jpg
BTG-014-C-FR,False,0,1,False,Trois Petits Cochons,Axiom,Commun,Personnage,3,3,3,3,3,,,"{J} Si vous contrôlez au moins deux Repères, je gagne 1 boost[]. (Les cartes en Réserve ne sont pas contrôlées. Un boost est un compteur +1/+1/+1. Retirez-le lorsqu'il quitte la zone d'Expédition.)",,ALT_CORE_B_AX_12_C,https://altered-prod-eu.s3.amazonaws.com/Art/CORE/CARDS/ALT_CORE_B_AX_12/JPG/fr_FR/a867d5f6b3e5bc74fd3046b6a7f15c36.jpg
BTG-014-R-FR,False,0,1,False,Trois Petits Cochons,Axiom,Rare,Personnage,3,3,3,3,3,,,"{J} Si vous contrôlez au moins deux Repères, je gagne #2 boosts[]#. (Les cartes en Réserve ne sont pas contrôlées. Un boost est un compteur +1/+1/+1. Retirez-le lorsqu'il quitte la zone d'Expédition.)",,ALT_CORE_B_AX_12_R1,https://altered-prod-eu.s3.amazonaws.com/Art/CORE/CARDS/ALT_CORE_B_AX_12/JPG/fr_FR/7d47d2fd1cdd74fadf66d8817511c632.jpg
BTG-015-C-FR,False,0,1,False,Fée Clochette,Axiom,Commun,Personnage,3,3,1,3,3,,,{R} [Sabotez]. (Défaussez jusqu'à une carte d'une Réserve.),,ALT_CORE_B_AX_09_C,https://altered-prod-eu.s3.amazonaws.com/Art/CORE/CARDS/ALT_CORE_B_AX_09/JPG/fr_FR/345cbe5f4ef354e5cf1fd6dd0e596288.jpg
BTG-016-C-FR,False,0,1,False,Brouilleur Axiom,Axiom,Commun,Personnage,4,3,2,4,2,,,{H} [Sabotez]. (Défaussez jusqu'à une carte d'une Réserve.),,ALT_CORE_B_AX_15_C,https://altered-prod-eu.s3.amazonaws.com/Art/CORE/CARDS/ALT_CORE_B_AX_15/JPG/fr_FR/e7fa953c3ae4d9c8b4ffa3c768994439.jpg
BTG-017-C-FR,False,0,2,False,Dr Frankenstein,Axiom,Commun,Personnage,4,3,3,3,3,,,{R} Vous pouvez activer les capacités {j} d'un Permanent ciblé que vous contrôlez.,,ALT_CORE_B_AX_17_C,https://altered-prod-eu.s3.amazonaws.com/Art/CORE/CARDS/ALT_CORE_B_AX_17/JPG/fr_FR/108fd8ff16bbc30310f4a3743657a49c.jpg
BTG-018-C-FR,False,0,2,False,Athéna,Axiom,Commun,Personnage,5,3,3,4,4,,,"{R} Si vous contrôlez au moins deux Repères, je perds [[Fugace]].",,ALT_CORE_B_AX_18_C,https://altered-prod-eu.s3.amazonaws.com/Art/CORE/CARDS/ALT_CORE_B_AX_18/JPG/fr_FR/c29d75d83203979289a62f0237ce44aa.jpg
BTG-018-R-FR,False,0,1,False,Athéna,Axiom,Rare,Personnage,5,3,3,4,4,,,"#{H} Si vous contrôlez au moins deux Repères, je gagne 2 boosts.#  {R} Si vous contrôlez au moins deux Repères, je perds [[Fugace]].",,ALT_CORE_B_AX_18_R1,https://altered-prod-eu.s3.amazonaws.com/Art/CORE/CARDS/ALT_CORE_B_AX_18/JPG/fr_FR/b1076db6538045324913b68189f08ecc.jpg
BTG-018-F-FR,False,0,1,False,Athéna,Ordis,Rare,Personnage,5,3,3,4,4,,,"#{H} Si vous contrôlez au moins deux autres Personnages, je gagne 2 boosts.#  {R} Si vous contrôlez au moins deux #autres Personnages#, je perds [[Fugace]].",,ALT_COREKS_B_AX_18_R2,https://altered-prod-eu.s3.amazonaws.com/Art/COREKS/CARDS/ALT_COREKS_B_AX_18/JPG/fr_FR/fcc399c9944250b46d0e1cca8d4a105a.jpg
BTG-018-F-FR,False,0,1,False,Athéna,Ordis,Rare,Personnage,5,3,3,4,4,,,"#{H} Si vous contrôlez au moins deux autres Personnages, je gagne 2 boosts.#  {R} Si vous contrôlez au moins deux #autres Personnages#, je perds [[Fugace]].",,ALT_CORE_B_AX_18_R2,https://altered-prod-eu.s3.amazonaws.com/Art/CORE/CARDS/ALT_CORE_B_AX_18/JPG/fr_FR/afad9ae142a8461a34ca44d1481f956e.jpg
BTG-019-C-FR,False,0,2,False,Ganesh,Axiom,Commun,Personnage,7,7,5,5,5,,,"{J} Pour chaque Permanent que vous contrôlez, vous pouvez activer ses capacités {j}.",,ALT_CORE_B_AX_19_C,https://altered-prod-eu.s3.amazonaws.com/Art/CORE/CARDS/ALT_CORE_B_AX_19/JPG/fr_FR/efc0bfd083b1e3bc89167af436223bc3.jpg
BTG-020-C-FR,False,0,1,False,Happé,Axiom,Commun,Sort,1,2,,,,,,Un Personnage ciblé change d'Expédition. (Il quitte son Expédition et rejoint l'autre Expédition de son contrôleur.),,ALT_CORE_B_AX_20_C,https://altered-prod-eu.s3.amazonaws.com/Art/CORE/CARDS/ALT_CORE_B_AX_20/JPG/fr_FR/7d6ce49c8ff157a8440df658f3568e72.jpg
BTG-021-C-FR,False,0,1,False,Entraînement Mécanique,Axiom,Commun,Sort,1,2,,,,,,Activez les capacités {j} d'un Permanent ciblé que vous contrôlez.,,ALT_CORE_B_AX_22_C,https://altered-prod-eu.s3.amazonaws.com/Art/CORE/CARDS/ALT_CORE_B_AX_22/JPG/fr_FR/6376184165eb0c586cb1654a1a7c55b6.jpg
BTG-021-R-FR,False,0,1,False,Entraînement Mécanique,Axiom,Rare,Sort,#2#,2,,,,,,Activez les capacités {j} de #jusqu'à deux# Permanents ciblés que vous contrôlez.,,ALT_CORE_B_AX_22_R1,https://altered-prod-eu.s3.amazonaws.com/Art/CORE/CARDS/ALT_CORE_B_AX_22/JPG/fr_FR/12b4074ad1f49b3d65fabfa71ed18b40.jpg
BTG-022-C-FR,False,0,3,False,Boum !,Axiom,Commun,Sort,3,3,,,,,,"[[Fugace]]. (Envoyez-moi à la Défausse plutôt qu'en Réserve après résolution de mon effet.)  Sacrifiez un Personnage. Si vous le faites, défaussez un Personnage ou un Permanent ciblé.",,ALT_CORE_B_AX_21_C,https://altered-prod-eu.s3.amazonaws.com/Art/CORE/CARDS/ALT_CORE_B_AX_21/JPG/fr_FR/c6ef2ecbe79b0d70e6821bed2524a01c.jpg
BTG-022-F-FR,False,0,1,True,Boum !,Yzmir,Rare,Sort,3,3,,,,,,"[[Fugace]]. (Envoyez-moi à la Défausse plutôt qu'en Réserve après résolution de mon effet.)  Sacrifiez un Personnage. Si vous le faites, défaussez un Personnage ou un Permanent ciblé.",,ALT_CORE_B_AX_21_R2,https://altered-prod-eu.s3.amazonaws.com/Art/CORE/CARDS/ALT_CORE_B_AX_21/JPG/fr_FR/dd2297cb5b91f8d912da0c7b684b0bd7.jpg
BTG-023-C-FR,False,0,1,False,Décharge de Kélon,Axiom,Commun,Sort,3,3,,,,,,[[Fugace]]. (Envoyez-moi à la Défausse plutôt qu'en Réserve après résolution de mon effet.)  Choisissez l'un :  • Envoyez en Réserve un Personnage ciblé de Coût de Main {4} ou moins.  • Défaussez un Permanent ciblé de Coût de Main {4} ou moins.,,ALT_CORE_B_AX_23_C,https://altered-prod-eu.s3.amazonaws.com/Art/CORE/CARDS/ALT_CORE_B_AX_23/JPG/fr_FR/5d40e99148b5fbdd42c29b723dc47883.jpg
BTG-023-R-FR,False,0,1,False,Décharge de Kélon,Axiom,Rare,Sort,#4#,#4#,,,,,,"[[Fugace]].  Choisissez l'un :  • Envoyez en Réserve un Personnage ciblé de Coût de Main {4} ou moins.  • Défaussez un Permanent ciblé de Coût de Main {4} ou moins.  #Si vous contrôlez au moins deux Repères, créez un jeton Robot [2/2/2 Scarabot] dans une Expédition ciblée.#",,ALT_CORE_B_AX_23_R1,https://altered-prod-eu.s3.amazonaws.com/Art/CORE/CARDS/ALT_CORE_B_AX_23/JPG/fr_FR/c6f156aa06d9d6a2002fb88a0dd7fe4e.jpg
BTG-023-F-FR,False,0,2,False,Décharge de Kélon,Ordis,Rare,Sort,3,3,,,,,,[[Fugace]]. (Envoyez-moi à la Défausse plutôt qu'en Réserve après résolution de mon effet.)  Choisissez l'un :  • Envoyez en Réserve un Personnage ciblé de Coût de Main {4} ou moins.  • Défaussez un Permanent ciblé de Coût de Main {4} ou moins.,,ALT_CORE_B_AX_23_R2,https://altered-prod-eu.s3.amazonaws.com/Art/CORE/CARDS/ALT_CORE_B_AX_23/JPG/fr_FR/7774762db057bcb819646914f31334dd.jpg
BTG-024-C-FR,False,0,1,False,Cylindre de Kélon,Axiom,Commun,Permanent,1,1,,,,,,"{T} : Je gagne deux compteurs Kelon.  {T}, dépensez un de mes compteurs Kelon : le prochain Personnage que vous jouez ce tour gagne 1 boost.",,ALT_CORE_B_AX_26_C,https://altered-prod-eu.s3.amazonaws.com/Art/CORE/CARDS/ALT_CORE_B_AX_26/JPG/fr_FR/f64731a8cf115c61fe3d6e27a22b8f9e.jpg
BTG-024-F-FR,False,0,1,False,Cylindre de Kélon,Bravos,Rare,Permanent,1,1,,,,,,"{T} : Je gagne deux compteurs Kelon.  {T}, dépensez un de mes compteurs Kelon : le prochain Personnage que vous jouez ce tour gagne 1 boost.",,ALT_CORE_B_AX_26_R2,https://altered-prod-eu.s3.amazonaws.com/Art/CORE/CARDS/ALT_CORE_B_AX_26/JPG/fr_FR/520eda889a502f1d7e401b3b6ce42e07.jpg
BTG-025-C-FR,False,0,1,False,Brouilleur Blindé,Axiom,Commun,Permanent,2,2,,,,,,{J} [Sabotez]. (Défaussez jusqu'à une carte d'une Réserve.),,ALT_COREKS_B_AX_28_C,https://altered-prod-eu.s3.amazonaws.com/Art/COREKS/CARDS/ALT_CORE_B_AX_28/JPG/fr_FR/06b1e7c41d5beff16b52f642dfc5d3bc.jpg
BTG-025-C-FR,False,0,2,False,Brouilleur Blindé,Axiom,Commun,Permanent,2,2,,,,,,{J} [Sabotez]. (Défaussez jusqu'à une carte d'une Réserve.),,ALT_CORE_B_AX_28_C,https://altered-prod-eu.s3.amazonaws.com/Art/CORE/CARDS/ALT_CORE_B_AX_28/JPG/fr_FR/03bd700bb7f10bebc511c0eab5a2999c.jpg
BTG-026-C-FR,False,0,1,False,Hub des Scarabots,Axiom,Commun,Permanent,3,3,,,,,,{J} Je gagne trois compteurs Kelon.  À Midi — Vous pouvez payer {1} et dépenser un de mes compteurs Kelon pour créer un jeton Robot [2/2/2 Scarabot] dans une Expédition ciblée.,,ALT_COREKS_B_AX_24_C,https://altered-prod-eu.s3.amazonaws.com/Art/COREKS/CARDS/ALT_CORE_B_AX_24/JPG/fr_FR/8bf46fe840e97c6377bd4d663d6998bc.jpg
BTG-026-C-FR,False,0,2,False,Hub des Scarabots,Axiom,Commun,Permanent,3,3,,,,,,{J} Je gagne trois compteurs Kelon.  À Midi — Vous pouvez payer {1} et dépenser un de mes compteurs Kelon pour créer un jeton Robot [2/2/2 Scarabot] dans une Expédition ciblée.,,ALT_CORE_B_AX_24_C,https://altered-prod-eu.s3.amazonaws.com/Art/CORE/CARDS/ALT_CORE_B_AX_24/JPG/fr_FR/eb45b7eb8a52b561bbc096328ccece1e.jpg
BTG-027-C-FR,False,0,1,False,Générateur Kélonique,Axiom,Commun,Permanent,3,3,,,,,,"{2}, {T} : Piochez une carte.",,ALT_CORE_B_AX_27_C,https://altered-prod-eu.s3.amazonaws.com/Art/CORE/CARDS/ALT_CORE_B_AX_27/JPG/fr_FR/d79b8d33898bb8852efe9c24ce443e62.jpg
BTG-027-R-FR,False,0,1,False,Générateur Kélonique,Axiom,Rare,Permanent,#4#,#4#,,,,,,"#{1}#, {T} : Piochez une carte.",,ALT_CORE_B_AX_27_R1,https://altered-prod-eu.s3.amazonaws.com/Art/CORE/CARDS/ALT_CORE_B_AX_27/JPG/fr_FR/4e9af49df705a9e8b011c4038503faf7.jpg
BTG-027-F-FR,False,0,1,False,Générateur Kélonique,Ordis,Rare,Permanent,#4#,#4#,,,,,,"#{1}#, {T} : Piochez une carte.",,ALT_CORE_B_AX_27_R2,https://altered-prod-eu.s3.amazonaws.com/Art/CORE/CARDS/ALT_CORE_B_AX_27/JPG/fr_FR/1a44f47d371d774a32cfe3b2bad706ed.jpg
BTG-028-C-FR,False,0,1,False,"La Fonderie, Bastion Axiom",Axiom,Commun,Permanent,3,3,,,,,,{T} : Le prochain Personnage que vous jouez de votre main ce tour-ci active ses capacités {r} (comme s'il avait été joué depuis la Réserve).,,ALT_CORE_B_AX_29_C,https://altered-prod-eu.s3.amazonaws.com/Art/CORE/CARDS/ALT_CORE_B_AX_29/JPG/fr_FR/726720d0dd11708cd58c6284aff38e74.jpg
BTG-029-R-FR,False,0,1,False,Recycleur Axiom,Axiom,Rare,Permanent,4,4,,,,,,#{J} [Ravitaillez].#  À Midi — [Ravitaillez]. (Mettez la première carte de votre deck en Réserve.),,ALT_CORE_B_AX_25_R1,https://altered-prod-eu.s3.amazonaws.com/Art/CORE/CARDS/ALT_CORE_B_AX_25/JPG/fr_FR/003930f21139f1ecd0bc79de3be32d65.jpg
BTG-029-F-FR,False,0,1,False,Recycleur Axiom,Muna,Rare,Permanent,4,4,,,,,,À Midi — [Ravitaillez]. (Mettez la première carte de votre deck en Réserve.),,ALT_CORE_B_AX_25_R2,https://altered-prod-eu.s3.amazonaws.com/Art/CORE/CARDS/ALT_CORE_B_AX_25/JPG/fr_FR/628755e68b1350d9f8ae4101c5426a87.jpg
BTG-030-C-FR,False,0,2,False,Ruche des Scarabots,Axiom,Commun,Permanent,5,5,,,,,,{J} Créez un jeton Robot [2/2/2 Scarabot] dans une Expédition ciblée.  À Midi — Créez un jeton Robot [2/2/2 Scarabot] dans une Expédition ciblée.,,ALT_CORE_B_AX_30_C,https://altered-prod-eu.s3.amazonaws.com/Art/CORE/CARDS/ALT_CORE_B_AX_30/JPG/fr_FR/5f7bdf07ba39c3e37d5dc9b40884826f.jpg
BTG-032-H-FR,False,0,1,False,Atsadi & Surge,Bravos,Commun,Héros,0,0,,,,2,2,Je commence la partie avec cinq compteurs Héroïsme.  Lorsque vous jouez un Personnage de Coût de Main supérieur ou égal à mon nombre de compteurs Héroïsme — Piochez une carte et je gagne un compteur Héroïsme.,,ALT_CORE_B_BR_02_C,https://altered-prod-eu.s3.amazonaws.com/Art/CORE/CARDS/ALT_CORE_B_BR_02/JPG/fr_FR/60c65dd4b9d78206ca82055665eac2f7.jpg
BTG-033-H-FR,False,0,1,False,Basira & Kaizaimon,Bravos,Commun,Héros,0,0,,,,2,2,Lorsqu'un Personnage que vous contrôlez gagne au moins 1 boost — Vous pouvez m'épuiser ({T}) pour qu’un Personnage ciblé gagne 1 boost[]. (Un boost est un compteur +1/+1/+1. Retirez-le lorsqu'il quitte la zone d'Expédition.),,ALT_CORE_B_BR_03_C,https://altered-prod-eu.s3.amazonaws.com/Art/CORE/CARDS/ALT_CORE_B_BR_03/JPG/fr_FR/cd971517ea4ec64d2262e36f6f1f3961.jpg
BTG-034-C-FR,False,0,2,False,Issun-bōshi,Bravos,Commun,Personnage,1,1,0,0,2,,,,{D} : Le prochain Personnage que vous jouez ce tour gagne 1 boost. (Défaussez-moi de la Réserve pour ça.),ALT_CORE_B_BR_05_C,https://altered-prod-eu.s3.amazonaws.com/Art/CORE/CARDS/ALT_CORE_B_BR_05/JPG/fr_FR/ec8afd64c33f5c2a0b9ccd72e43c24af.jpg
BTG-035-C-FR,False,0,1,False,Danseuse de Lames Bravos,Bravos,Commun,Personnage,1,3,0,0,0,,,[Aguerrie]. (Je conserve mes boosts lorsque je vais en Réserve.)  {J} Je gagne 1 boost.,,ALT_CORE_B_BR_16_C,https://altered-prod-eu.s3.amazonaws.com/Art/CORE/CARDS/ALT_CORE_B_BR_16/JPG/fr_FR/e5fb902c25820c902ddd3bd940c12065.jpg
BTG-035-F-FR,False,0,1,False,Danseuse de Lames Bravos,Yzmir,Rare,Personnage,1,#2#,0,0,0,,,[Aguerrie]. (Je conserve mes boosts lorsque je vais en Réserve.)  {J} Je gagne 1 boost.,,ALT_CORE_B_BR_16_R2,https://altered-prod-eu.s3.amazonaws.com/Art/CORE/CARDS/ALT_CORE_B_BR_16/JPG/fr_FR/dab26c52abcf41d41e8f2adad918b261.jpg
BTG-036-C-FR,False,0,1,False,Ratatosk,Bravos,Commun,Personnage,1,3,1,1,1,,,{R} Je gagne 2 boosts[]. (Un boost est un compteur +1/+1/+1. Retirez-le lorsqu'il quitte la zone d'Expédition.),,ALT_CORE_B_BR_04_C,https://altered-prod-eu.s3.amazonaws.com/Art/CORE/CARDS/ALT_CORE_B_BR_04/JPG/fr_FR/1dc139df15cfc39a956039001c2def7f.jpg
BTG-036-F-FR,False,0,1,False,Ratatosk,Ordis,Rare,Personnage,1,3,1,1,1,,,{R} #Créez deux jetons Soldat [1/1/1 Recrue Ordis] dans mon Expédition.#,,ALT_CORE_B_BR_04_R2,https://altered-prod-eu.s3.amazonaws.com/Art/CORE/CARDS/ALT_CORE_B_BR_04/JPG/fr_FR/4ae29105963560002db35ba801e4d264.jpg
BTG-037-C-FR,False,0,1,False,Pionnière Bravos,Bravos,Commun,Personnage,2,2,0,3,3,,,,,ALT_COREKS_B_BR_08_C,https://altered-prod-eu.s3.amazonaws.com/Art/COREKS/CARDS/ALT_CORE_B_BR_08/JPG/fr_FR/aa044366aa92fdf93a8fe6cc79678e7d.jpg
BTG-037-C-FR,False,0,2,False,Pionnière Bravos,Bravos,Commun,Personnage,2,2,0,3,3,,,,,ALT_CORE_B_BR_08_C,https://altered-prod-eu.s3.amazonaws.com/Art/CORE/CARDS/ALT_CORE_B_BR_08/JPG/fr_FR/268cfce67c194524f1a5305e085ea163.jpg
BTG-037-F-FR,False,0,1,False,Pionnière Bravos,Lyra,Rare,Personnage,2,2,0,3,3,,,,,ALT_COREKS_B_BR_08_R2,https://altered-prod-eu.s3.amazonaws.com/Art/COREKS/CARDS/ALT_CORE_B_BR_08/JPG/fr_FR/9ae09e5c40e5bb733c9430a09c4a978c.jpg
BTG-038-C-FR,False,0,1,False,Traceuse Bravos,Bravos,Commun,Personnage,2,2,3,3,3,,,"{J} Je gagne [[Fugace]]. (Si je devais être envoyée en Réserve, défaussez-moi à la place.)",,ALT_CORE_B_BR_07_C,https://altered-prod-eu.s3.amazonaws.com/Art/CORE/CARDS/ALT_CORE_B_BR_07/JPG/fr_FR/faaf575fe3ddb0cc3fe9a309a0a3d4cf.jpg
BTG-038-R-FR,False,0,1,False,Traceuse Bravos,Bravos,Rare,Personnage,2,2,#4#,3,#4#,,,"{J} Je gagne [[Fugace]]. (Si je devais être envoyée en Réserve, défaussez-moi à la place.)",,ALT_CORE_B_BR_07_R1,https://altered-prod-eu.s3.amazonaws.com/Art/CORE/CARDS/ALT_CORE_B_BR_07/JPG/fr_FR/468c1bb86a100058ac3841c1972239d6.jpg
BTG-039-C-FR,False,0,2,False,Chiron,Bravos,Commun,Personnage,2,2,1,1,1,,,{J} Un Personnage ciblé gagne 1 boost[]. (Un boost est un compteur +1/+1/+1. Retirez-le lorsqu'il quitte la zone d'Expédition.),,ALT_CORE_B_BR_11_C,https://altered-prod-eu.s3.amazonaws.com/Art/CORE/CARDS/ALT_CORE_B_BR_11/JPG/fr_FR/2966a25ffeda574a3d14eacdcab8c2a1.jpg
BTG-039-F-FR,False,0,1,False,Chiron,Muna,Rare,Personnage,2,2,1,#0#,#0#,,,{J} #Jusqu'à deux Personnages ciblés# gagnent chacun 1 boost.,,ALT_COREKS_B_BR_11_R2,https://altered-prod-eu.s3.amazonaws.com/Art/COREKS/CARDS/ALT_CORE_B_BR_11/JPG/fr_FR/f7706a253435564f0329de95de0d6621.jpg
BTG-040-C-FR,False,0,1,False,Red,Bravos,Commun,Personnage,2,2,2,2,2,,,[Aguerrie]. (Je conserve mes boosts lorsque je vais en Réserve.),,ALT_CORE_B_BR_10_C,https://altered-prod-eu.s3.amazonaws.com/Art/CORE/CARDS/ALT_CORE_B_BR_10/JPG/fr_FR/cceeebb1fa23b4642289d508b683e044.jpg
BTG-041-C-FR,False,0,3,False,Petit Djinn,Bravos,Commun,Personnage,2,3,0,3,0,,,"Si je devais quitter la zone d'Expédition en étant [[Boosté]], mettez-moi dans la zone de Mana de mon propriétaire à la place (en tant qu'Orbe de Mana épuisé).  {R} Je gagne 1 boost.",,ALT_CORE_B_BR_06_C,https://altered-prod-eu.s3.amazonaws.com/Art/CORE/CARDS/ALT_CORE_B_BR_06/JPG/fr_FR/9f16173044c8b2182ecb2e796262062f.jpg
BTG-041-R-FR,False,0,1,False,Petit Djinn,Bravos,Rare,Personnage,#1#,#2#,0,#2#,0,,,"Si je devais quitter la zone d'Expédition en étant [[Boosté]], mettez-moi dans la zone de Mana de mon propriétaire à la place (en tant qu'Orbe de Mana épuisé).  {R} Je gagne 1 boost.",,ALT_CORE_B_BR_06_R1,https://altered-prod-eu.s3.amazonaws.com/Art/CORE/CARDS/ALT_CORE_B_BR_06/JPG/fr_FR/ea5c0227cc4577b24022aa00f192dcea.jpg
BTG-042-C-FR,False,0,1,False,Aspirant de Havre,Bravos,Commun,Personnage,2,4,3,1,1,,,{R} Je gagne 2 boosts[]. (Un boost est un compteur +1/+1/+1. Retirez-le lorsqu'il quitte la zone d'Expédition.),,ALT_CORE_B_BR_09_C,https://altered-prod-eu.s3.amazonaws.com/Art/CORE/CARDS/ALT_CORE_B_BR_09/JPG/fr_FR/5e1dc48699aa95582a91d6ecfd8ae916.jpg
BTG-043-C-FR,False,0,1,False,Avant-Garde Bravos,Bravos,Commun,Personnage,3,3,4,2,2,,,{J} Vous pouvez faire perdre [[Fugace]] à un autre Personnage ciblé.,,ALT_CORE_B_BR_14_C,https://altered-prod-eu.s3.amazonaws.com/Art/CORE/CARDS/ALT_CORE_B_BR_14/JPG/fr_FR/a6f961cdf8adbfdeb9ce05041b33f1a5.jpg
BTG-043-R-FR,False,0,1,False,Avant-Garde Bravos,Bravos,Rare,Personnage,3,3,4,2,2,,,{J} Vous pouvez faire perdre [[Fugace]] #et gagner 1 boost# à un autre Personnage ciblé.,,ALT_CORE_B_BR_14_R1,https://altered-prod-eu.s3.amazonaws.com/Art/CORE/CARDS/ALT_CORE_B_BR_14/JPG/fr_FR/50be16e46c78c0b770df1734b4efbde9.jpg
BTG-043-F-FR,False,0,1,False,Avant-Garde Bravos,Axiom,Rare,Personnage,3,3,4,2,2,,,{J} Vous pouvez faire perdre [[Fugace]] #et gagner 1 boost# à un autre Personnage ciblé.,,ALT_CORE_B_BR_14_R2,https://altered-prod-eu.s3.amazonaws.com/Art/CORE/CARDS/ALT_CORE_B_BR_14/JPG/fr_FR/cd5f9f84ea9b0cef6db0645ebff3fce1.jpg
BTG-044-C-FR,False,0,1,False,Videuse Bravos,Bravos,Commun,Personnage,3,3,2,2,2,,,{H} [Sabotez]. (Défaussez jusqu'à une carte d'une Réserve.)  {R} Je gagne 1 boost[]. (Un boost est un compteur +1/+1/+1. Retirez-le lorsqu'il quitte la zone d'Expédition.),,ALT_CORE_B_BR_15_C,https://altered-prod-eu.s3.amazonaws.com/Art/CORE/CARDS/ALT_CORE_B_BR_15/JPG/fr_FR/f946512c34631af1788c919c4105dfd8.jpg
BTG-046-C-FR,False,0,2,False,Hua Mulan,Bravos,Commun,Personnage,3,3,1,3,3,,,{R} Je perds [[Fugace]].,,ALT_CORE_B_BR_12_C,https://altered-prod-eu.s3.amazonaws.com/Art/CORE/CARDS/ALT_CORE_B_BR_12/JPG/fr_FR/47f79b61443f9f9bc2bfbfcccf2b6437.jpg
BTG-046-C-FR,False,0,1,False,Hua Mulan,Bravos,Commun,Personnage,3,3,1,3,3,,,{R} Je perds [[Fugace]].,,ALT_COREKS_B_BR_12_C,https://altered-prod-eu.s3.amazonaws.com/Art/COREKS/CARDS/ALT_CORE_B_BR_12/JPG/fr_FR/45e9b00ead5614723654792489ea940f.jpg
BTG-046-F-FR,False,0,1,False,Hua Mulan,Yzmir,Rare,Personnage,#2#,#2#,1,#2#,#2#,,,{R} Je perds [[Fugace]].,,ALT_COREKS_B_BR_12_R2,https://altered-prod-eu.s3.amazonaws.com/Art/COREKS/CARDS/ALT_CORE_B_BR_12/JPG/fr_FR/96ffe195275c1155c18476442f53566a.jpg
BTG-047-C-FR,False,0,2,False,Tomoe Gozen,Bravos,Commun,Personnage,3,3,2,5,5,,,Je ne peux pas être jouée si vous avez moins de sept Orbes de Mana.,,ALT_CORE_B_BR_23_C,https://altered-prod-eu.s3.amazonaws.com/Art/CORE/CARDS/ALT_CORE_B_BR_23/JPG/fr_FR/6531819a43d8642eb6c6d7cee5b954bb.jpg
BTG-048-C-FR,False,0,2,False,Sun Wukong,Bravos,Commun,Personnage,3,4,2,4,2,,,{R} Je gagne 2 boosts[]. (Un boost est un compteur +1/+1/+1. Retirez-le lorsqu'il quitte la zone d'Expédition.),,ALT_CORE_B_BR_18_C,https://altered-prod-eu.s3.amazonaws.com/Art/CORE/CARDS/ALT_CORE_B_BR_18/JPG/fr_FR/9534fbeec466ffa38ac5f8992e5e201d.jpg
BTG-049-C-FR,False,0,1,False,Puissant Djinn,Bravos,Commun,Personnage,4,3,4,4,0,,,Lorsque je quitte la zone d'Expédition — Vous pouvez me mettre dans la zone de Mana de mon propriétaire (en tant qu'Orbe de Mana épuisé).,,ALT_CORE_B_BR_19_C,https://altered-prod-eu.s3.amazonaws.com/Art/CORE/CARDS/ALT_CORE_B_BR_19/JPG/fr_FR/25f44c439723fd17d1754bb2d502e1f5.jpg
BTG-050-C-FR,False,0,2,False,Kappa,Bravos,Commun,Personnage,4,4,4,4,5,,,,,ALT_CORE_B_BR_13_C,https://altered-prod-eu.s3.amazonaws.com/Art/CORE/CARDS/ALT_CORE_B_BR_13/JPG/fr_FR/2713fc9d29c3684c0d9dc1697cdf174f.jpg
BTG-051-C-FR,False,0,1,False,Achille,Bravos,Commun,Personnage,5,5,5,5,5,,,[Coriace 1]. (Les Sorts et capacités d'un adversaire qui me ciblent coûtent {1} de plus.),,ALT_CORE_B_BR_21_C,https://altered-prod-eu.s3.amazonaws.com/Art/CORE/CARDS/ALT_CORE_B_BR_21/JPG/fr_FR/6fcee6f35521d1d33a1c8bc14cff09a1.jpg
BTG-051-R-FR,False,0,1,False,Achille,Bravos,Rare,Personnage,5,5,5,#6#,#6#,,,#[Coriace 2].# (Les Sorts et capacités d'un adversaire qui me ciblent coûtent {2} de plus.),,ALT_CORE_B_BR_21_R1,https://altered-prod-eu.s3.amazonaws.com/Art/CORE/CARDS/ALT_CORE_B_BR_21/JPG/fr_FR/be26ed718d0b6b2fef562e092267c8de.jpg
BTG-052-C-FR,False,0,1,False,Atlas,Bravos,Commun,Personnage,5,5,3,3,3,,,[Gigantesque]. (Je suis considéré présent dans chacune de vos Expéditions.),,ALT_COREKS_B_BR_20_C,https://altered-prod-eu.s3.amazonaws.com/Art/COREKS/CARDS/ALT_CORE_B_BR_20/JPG/fr_FR/e41a155ffb17d09458e06336771b6c5a.jpg
BTG-052-C-FR,False,0,1,False,Atlas,Bravos,Commun,Personnage,5,5,3,3,3,,,[Gigantesque]. (Je suis considéré présent dans chacune de vos Expéditions.),,ALT_CORE_B_BR_20_C,https://altered-prod-eu.s3.amazonaws.com/Art/CORE/CARDS/ALT_CORE_B_BR_20/JPG/fr_FR/8fcc9255c22c3172319fe3fb6a58e428.jpg
BTG-052-R-FR,False,0,1,False,Atlas,Bravos,Rare,Personnage,5,5,3,3,3,,,[Gigantesque]. (Je suis considéré présent dans chacune de vos Expéditions.)  #[Aguerri].# (Je conserve mes boosts lorsque je vais en Réserve.),#{D} : Le prochain Personnage que vous jouez ce tour gagne 2 boosts.# (Défaussez-moi de la Réserve pour ça.),ALT_CORE_B_BR_20_R1,https://altered-prod-eu.s3.amazonaws.com/Art/CORE/CARDS/ALT_CORE_B_BR_20/JPG/fr_FR/f59638bd6e7864b8cb49ebb60b688d6a.jpg
BTG-053-C-FR,False,0,1,False,Shenlong,Bravos,Commun,Personnage,6,6,8,8,8,,,,,ALT_CORE_B_BR_22_C,https://altered-prod-eu.s3.amazonaws.com/Art/CORE/CARDS/ALT_CORE_B_BR_22/JPG/fr_FR/551dd7640c4974b2ef372076b1852310.jpg
BTG-053-R-FR,False,0,1,False,Shenlong,Bravos,Rare,Personnage,6,6,#9#,#9#,#9#,,,#[Coriace 1].# (Les Sorts et capacités d'un adversaire qui me ciblent coûtent {1} de plus.),,ALT_CORE_B_BR_22_R1,https://altered-prod-eu.s3.amazonaws.com/Art/CORE/CARDS/ALT_CORE_B_BR_22/JPG/fr_FR/6a07d06aee11a4b1dedbda3e8e720fc0.jpg
BTG-054-C-FR,False,0,2,False,"Kaibara, Léviathan Asgarthi",Bravos,Commun,Personnage,8,8,6,6,6,,,"[Gigantesque]. (Je suis considéré présent dans chacune de vos Expéditions.)  [Coriace X], X étant le nombre de régions entre votre Héros et votre Compagnon. (S'ils sont adjacents, X est égal à 0. Les Sorts et capacités d'un adversaire qui me ciblent coûtent {X} de plus.)",,ALT_CORE_B_BR_24_C,https://altered-prod-eu.s3.amazonaws.com/Art/CORE/CARDS/ALT_CORE_B_BR_24/JPG/fr_FR/19543af7a2fed722a378babff1102399.jpg
BTG-055-C-FR,False,0,2,False,Main Tendue,Bravos,Commun,Sort,1,2,,,,,,Un Personnage ciblé gagne 1 boost[] et perd [[Fugace]]. (Un boost est un compteur +1/+1/+1. Retirez-le lorsqu'il quitte la zone d'Expédition.),,ALT_CORE_B_BR_25_C,https://altered-prod-eu.s3.amazonaws.com/Art/CORE/CARDS/ALT_CORE_B_BR_25/JPG/fr_FR/6c3033c0000304bf2f7f506f9aad02fe.jpg
BTG-055-F-FR,False,0,2,False,Main Tendue,Yzmir,Rare,Sort,1,2,,,,,,Un Personnage ciblé gagne 1 boost et perd [[Fugace]].,,ALT_CORE_B_BR_25_R2,https://altered-prod-eu.s3.amazonaws.com/Art/CORE/CARDS/ALT_CORE_B_BR_25/JPG/fr_FR/d3e5cf1110659f1805a8cd84d3fccae2.jpg
BTG-057-C-FR,False,0,2,False,Canalisation de Mana,Bravos,Commun,Sort,2,2,,,,,,[[Fugace]]. (Envoyez-moi à la Défausse plutôt qu'en Réserve après résolution de mon effet.)  Mettez la première carte de votre deck dans votre zone de Mana (en tant qu'Orbe de Mana épuisé).,,ALT_CORE_B_BR_27_C,https://altered-prod-eu.s3.amazonaws.com/Art/CORE/CARDS/ALT_CORE_B_BR_27/JPG/fr_FR/73e53b66e3d325c28f583a44027bc78f.jpg
BTG-057-F-FR,False,0,1,False,Canalisation de Mana,Muna,Rare,Sort,2,2,,,,,,[[Fugace]]. (Envoyez-moi à la Défausse plutôt qu'en Réserve après résolution de mon effet.)  Mettez la première carte de votre deck dans votre zone de Mana (en tant qu'Orbe de Mana épuisé).,,ALT_CORE_B_BR_27_R2,https://altered-prod-eu.s3.amazonaws.com/Art/CORE/CARDS/ALT_CORE_B_BR_27/JPG/fr_FR/33236fbf9b22072881d0e8bbaef894b4.jpg
BTG-058-C-FR,False,0,1,False,Entraînement Physique,Bravos,Commun,Sort,2,3,,,,,,Un Personnage ciblé gagne 3 boosts[]. (Un boost est un compteur +1/+1/+1. Retirez-le lorsqu'il quitte la zone d'Expédition.),,ALT_CORE_B_BR_26_C,https://altered-prod-eu.s3.amazonaws.com/Art/CORE/CARDS/ALT_CORE_B_BR_26/JPG/fr_FR/eb8f162d9d0d90fe92fe22e9a411afef.jpg
BTG-058-F-FR,False,0,1,False,Entraînement Physique,Muna,Rare,Sort,2,3,,,,,,Un Personnage ciblé gagne 3 boosts[]. (Un boost est un compteur +1/+1/+1. Retirez-le lorsqu'il quitte la zone d'Expédition.),,ALT_CORE_B_BR_26_R2,https://altered-prod-eu.s3.amazonaws.com/Art/CORE/CARDS/ALT_CORE_B_BR_26/JPG/fr_FR/fde033fbb8a9b8648930cded50f9590a.jpg
BTG-059-C-FR,False,0,1,False,Éruption de Mana,Bravos,Commun,Sort,3,3,,,,,,"[[Fugace]]. (Envoyez-moi à la Défausse plutôt qu'en Réserve après résolution de mon effet.)  Défaussez un de vos Orbes de Mana. Si vous le faites, défaussez un Personnage ou Permanent ciblé.",,ALT_CORE_B_BR_29_C,https://altered-prod-eu.s3.amazonaws.com/Art/CORE/CARDS/ALT_CORE_B_BR_29/JPG/fr_FR/6e049b4dcccae8d9669e16dff0ad7e54.jpg
BTG-059-R-FR,False,0,1,False,Éruption de Mana,Bravos,Rare,Sort,#2#,#2#,,,,,,"[[Fugace]]. (Envoyez-moi à la Défausse plutôt qu'en Réserve après résolution de mon effet.)  Défaussez un de vos Orbes de Mana. Si vous le faites, défaussez un Personnage ou Permanent ciblé.",,ALT_CORE_B_BR_29_R1,https://altered-prod-eu.s3.amazonaws.com/Art/CORE/CARDS/ALT_CORE_B_BR_29/JPG/fr_FR/de1057fde3b69de62dde43ba592cb7aa.jpg
BTG-060-C-FR,False,0,1,False,"Havre, Bastion Bravos",Bravos,Commun,Permanent,2,2,,,,,,Vos Personnages ont : « {R} Je gagne 1 boost[]. » (Un boost est un compteur +1/+1/+1. Retirez-le lorsqu'il quitte la zone d'Expédition.),,ALT_CORE_B_BR_30_C,https://altered-prod-eu.s3.amazonaws.com/Art/CORE/CARDS/ALT_CORE_B_BR_30/JPG/fr_FR/091ee3d8e49b4f74e63acd5f2235f9df.jpg
BTG-061-H-FR,False,0,2,False,Nevenka & Blotch,Lyra,Commun,Héros,0,0,,,,2,2,"{T} : Ciblez un Personnage que vous contrôlez, puis lancez un dé. Sur :  • 6+, il gagne [[Ancré]]. (Au Repos, il ne va pas en Réserve et il perd Ancré.)  • 2-5, il gagne 1 boost. (Un boost est un compteur +1/+1/+1. Retirez-le lorsqu'il quitte la zone d'Expédition.)  • 1, envoyez-le en Réserve.",,ALT_CORE_B_LY_01_C,https://altered-prod-eu.s3.amazonaws.com/Art/CORE/CARDS/ALT_CORE_B_LY_01/JPG/fr_FR/658db0644631e869f7a38b6a25e6b577.jpg
BTG-062-H-FR,False,0,2,False,Auraq & Kibble,Lyra,Commun,Héros,0,0,,,,2,2,Lorsque vous jouez un Personnage avec une statistique de base 0 — Je gagne un compteur Spectacle.  À Midi — Vous pouvez dépenser cinq de mes compteurs Spectacle pour révéler la première carte de votre deck. Vous pouvez la jouer gratuitement ou la mettre dans votre main. (N'activez pas de capacités {h}.),,ALT_CORE_B_LY_02_C,https://altered-prod-eu.s3.amazonaws.com/Art/CORE/CARDS/ALT_CORE_B_LY_02/JPG/fr_FR/d307fb893e34ea928d48adbb34c3d27b.jpg
BTG-063-H-FR,False,0,2,False,Fen & Crowbar,Lyra,Commun,Héros,0,0,,,,2,2,"Le Matin, piochez une seule carte. Puis, mettez la première carte de votre deck dans votre zone de Mana, au lieu d'une carte de votre main.  À Midi — [Ravitaillez]. (Mettez la première carte de votre deck en Réserve.)  Ignorez mes capacités le premier Jour.",,ALT_CORE_B_LY_03_C,https://altered-prod-eu.s3.amazonaws.com/Art/CORE/CARDS/ALT_CORE_B_LY_03/JPG/fr_FR/5d8d3e7f65e17cc5d77657883be95be2.jpg
BTG-064-C-FR,False,0,1,False,Martengale,Lyra,Commun,Personnage,1,1,1,1,0,,,,{D} : La prochaine carte que vous jouez ce tour coûte {1} de moins. (Défaussez-moi de la Réserve pour ça.),ALT_COREKS_B_LY_04_C,https://altered-prod-eu.s3.amazonaws.com/Art/COREKS/CARDS/ALT_CORE_B_LY_04/JPG/fr_FR/4b582822149e7c7041dc9de98cfbe577.jpg
BTG-064-F-FR,False,0,1,False,Martengale,Axiom,Rare,Personnage,1,1,1,1,0,,,,{D} : La prochaine carte que vous jouez ce tour coûte {1} de moins. (Défaussez-moi de la Réserve pour ça.),ALT_CORE_B_LY_04_R2,https://altered-prod-eu.s3.amazonaws.com/Art/CORE/CARDS/ALT_CORE_B_LY_04/JPG/fr_FR/0c4bbb58341570f825b9043b24fff220.jpg
BTG-065-C-FR,False,0,2,False,Prestidigitatrice de l'Ouroboros,Lyra,Commun,Personnage,2,1,0,0,0,,,"{J} Lancez un dé. Sur 4+, je gagne 2 boosts. Sur 1-3, je gagne 1 boost[]. (Un boost est un compteur +1/+1/+1. Retirez-le lorsqu'il quitte la zone d'Expédition.)",,ALT_CORE_B_LY_06_C,https://altered-prod-eu.s3.amazonaws.com/Art/CORE/CARDS/ALT_CORE_B_LY_06/JPG/fr_FR/b942fb65b17f35508281994c6996daf3.jpg
BTG-065-R-FR,False,0,2,False,Prestidigitatrice de l'Ouroboros,Lyra,Rare,Personnage,2,#2#,0,0,0,,,"{J} Lancez un dé. Sur 4+, je gagne #3 boosts#. Sur 1-3, je gagne 1 boost[]. (Un boost est un compteur +1/+1/+1. Retirez-le lorsqu'il quitte la zone d'Expédition.)",,ALT_CORE_B_LY_06_R1,https://altered-prod-eu.s3.amazonaws.com/Art/CORE/CARDS/ALT_CORE_B_LY_06/JPG/fr_FR/fdd098cb515156116f02b4f0ef9408fa.jpg
BTG-065-F-FR,False,0,1,False,Prestidigitatrice de l'Ouroboros,Bravos,Rare,Personnage,2,1,0,0,0,,,"{J} Lancez un dé. Sur 4+, je gagne 2 boosts. Sur 1-3, je gagne 1 boost.",,ALT_CORE_B_LY_06_R2,https://altered-prod-eu.s3.amazonaws.com/Art/CORE/CARDS/ALT_CORE_B_LY_06/JPG/fr_FR/ad496a88579ced8a6d29b32cff68e786.jpg
BTG-066-C-FR,False,0,3,False,Esmeralda,Lyra,Commun,Personnage,2,2,0,2,2,,,{H} [Ravitaillez]. (Mettez la première carte de votre deck en Réserve.),,ALT_CORE_B_LY_11_C,https://altered-prod-eu.s3.amazonaws.com/Art/CORE/CARDS/ALT_CORE_B_LY_11/JPG/fr_FR/d5607afeff1b6693540acc5c3b7c97b6.jpg
BTG-066-R-FR,False,0,1,False,Esmeralda,Lyra,Rare,Personnage,2,#3#,0,2,2,,,#{J}# [Ravitaillez]. (Mettez la première carte de votre deck en Réserve.),,ALT_CORE_B_LY_11_R1,https://altered-prod-eu.s3.amazonaws.com/Art/CORE/CARDS/ALT_CORE_B_LY_11/JPG/fr_FR/8967084bdab89a600cc0c6612052a699.jpg
BTG-067-C-FR,False,0,5,False,Skald Lyra,Lyra,Commun,Personnage,2,2,3,0,2,,,,,ALT_CORE_B_LY_08_C,https://altered-prod-eu.s3.amazonaws.com/Art/CORE/CARDS/ALT_CORE_B_LY_08/JPG/fr_FR/749fd23c7c686aae85b1eea146dea078.jpg
BTG-067-R-FR,False,0,1,False,Skald Lyra,Lyra,Rare,Personnage,2,2,3,0,2,,,#{H} Vous pouvez défausser une carte de votre Réserve pour [Ravitailler].# (Mettez la première carte de votre deck en Réserve.),#{D} : La prochaine carte que vous jouez ce tour coûte {1} de moins.# (Défaussez-moi de la Réserve pour ça.),ALT_CORE_B_LY_08_R1,https://altered-prod-eu.s3.amazonaws.com/Art/CORE/CARDS/ALT_CORE_B_LY_08/JPG/fr_FR/542160faa6bf9c7c7af2448fd13889ab.jpg
BTG-068-C-FR,False,0,2,False,Comédien Lyra,Lyra,Commun,Personnage,2,2,2,2,2,,,"{J} Si vous avez au moins trois statistiques de base 0 parmi les Personnages que vous contrôlez, je gagne 1 boost[]. (Un boost est un compteur +1/+1/+1. Retirez-le lorsqu'il quitte la zone d'Expédition.)",,ALT_CORE_B_LY_05_C,https://altered-prod-eu.s3.amazonaws.com/Art/CORE/CARDS/ALT_CORE_B_LY_05/JPG/fr_FR/17b744004d1418b60aef7f76fe5b3150.jpg
BTG-068-R-FR,False,0,1,False,Comédien Lyra,Lyra,Rare,Personnage,2,2,2,2,2,,,"{J} Si vous avez au moins trois statistiques de base 0 parmi les Personnages que vous contrôlez, je gagne #2 boosts#.",,ALT_CORE_B_LY_05_R1,https://altered-prod-eu.s3.amazonaws.com/Art/CORE/CARDS/ALT_CORE_B_LY_05/JPG/fr_FR/08420b8d0d4d600ab14910e68f087355.jpg
BTG-069-C-FR,False,0,4,False,Hathor,Lyra,Commun,Personnage,2,3,3,3,0,,,,{D} : Renvoyez une autre carte de votre Réserve dans votre main. (Défaussez-moi de la Réserve pour ça.),ALT_CORE_B_LY_07_C,https://altered-prod-eu.s3.amazonaws.com/Art/CORE/CARDS/ALT_CORE_B_LY_07/JPG/fr_FR/43da21cbd51fadb94b0197ec3d2db00b.jpg
BTG-070-C-FR,False,0,1,False,Navigatrice Lyra,Lyra,Commun,Personnage,2,3,0,0,4,,,,,ALT_CORE_B_LY_12_C,https://altered-prod-eu.s3.amazonaws.com/Art/CORE/CARDS/ALT_CORE_B_LY_12/JPG/fr_FR/4586120e8b46df920de7bec594d134d2.jpg
BTG-070-F-FR,False,0,1,False,Navigatrice Lyra,Bravos,Rare,Personnage,2,3,0,0,4,,,,,ALT_CORE_B_LY_12_R2,https://altered-prod-eu.s3.amazonaws.com/Art/CORE/CARDS/ALT_CORE_B_LY_12/JPG/fr_FR/b994834fbd6c42e1c3610a08e0f9aa69.jpg
BTG-071-C-FR,False,0,1,False,Anansi,Lyra,Commun,Personnage,3,2,2,2,2,,,{J} Je gagne 1 boost[] pour chaque carte dans votre Réserve. (Un boost est un compteur +1/+1/+1. Retirez-le lorsqu'il quitte la zone d'Expédition.),,ALT_CORE_B_LY_13_C,https://altered-prod-eu.s3.amazonaws.com/Art/CORE/CARDS/ALT_CORE_B_LY_13/JPG/fr_FR/7ad3d5699598f998c6309870899cfaef.jpg
BTG-071-R-FR,False,0,1,False,Anansi,Lyra,Rare,Personnage,3,2,#0#,#0#,#0#,,,{J} Je gagne 1 boost pour chaque carte #dans la Réserve de chaque joueur#.,,ALT_CORE_B_LY_13_R1,https://altered-prod-eu.s3.amazonaws.com/Art/CORE/CARDS/ALT_CORE_B_LY_13/JPG/fr_FR/5ffefbe25c71a65435b2a0e4aff93b21.jpg
BTG-072-C-FR,False,0,4,False,Danseuse d'Étoffe Lyra,Lyra,Commun,Personnage,3,2,0,3,2,,,"{H} Jusqu'à un Personnage ciblé gagne [[Fugace]]. (S'il devait être envoyé en Réserve, défaussez-le à la place.)",,ALT_CORE_B_LY_14_C,https://altered-prod-eu.s3.amazonaws.com/Art/CORE/CARDS/ALT_CORE_B_LY_14/JPG/fr_FR/d8d7e469b65323a2829a96878d6779cd.jpg
BTG-073-C-FR,False,0,4,False,Chroniqueuse Lyra,Lyra,Commun,Personnage,3,3,4,0,4,,,,,ALT_CORE_B_LY_16_C,https://altered-prod-eu.s3.amazonaws.com/Art/CORE/CARDS/ALT_CORE_B_LY_16/JPG/fr_FR/b7c7b26097b789450f8ae78d34b24fc2.jpg
BTG-074-C-FR,False,0,1,False,Encrière de l'Ouroboros,Lyra,Commun,Personnage,3,3,3,3,2,,,Lorsque je vais en Réserve depuis la zone d'Expédition — Vous pouvez renvoyer une autre carte de votre Réserve dans votre main.,,ALT_CORE_B_LY_10_C,https://altered-prod-eu.s3.amazonaws.com/Art/CORE/CARDS/ALT_CORE_B_LY_10/JPG/fr_FR/f4afeeba1fbfb7380afb8fad7538da5c.jpg
BTG-075-C-FR,False,0,3,False,Tanuki,Lyra,Commun,Personnage,3,3,3,3,0,,,{H} [Sabotez]. (Défaussez jusqu'à une carte d'une Réserve.),,ALT_CORE_B_LY_09_C,https://altered-prod-eu.s3.amazonaws.com/Art/CORE/CARDS/ALT_CORE_B_LY_09/JPG/fr_FR/f78d266c54172696a8adc2cad42d3ed9.jpg
BTG-075-R-FR,False,0,2,False,Tanuki,Lyra,Rare,Personnage,3,3,3,3,0,,,"{H} [Sabotez]. (Défaussez jusqu'à une carte d'une Réserve.)  #{R} Lancez un dé. Sur 4+, [Sabotez].#",,ALT_CORE_B_LY_09_R1,https://altered-prod-eu.s3.amazonaws.com/Art/CORE/CARDS/ALT_CORE_B_LY_09/JPG/fr_FR/791a0140083f936e704b7001915ab4ff.jpg
BTG-075-F-FR,False,0,1,False,Tanuki,Bravos,Rare,Personnage,3,3,3,3,0,,,{H} [Sabotez]. (Défaussez jusqu'à une carte d'une Réserve.),,ALT_CORE_B_LY_09_R2,https://altered-prod-eu.s3.amazonaws.com/Art/CORE/CARDS/ALT_CORE_B_LY_09/JPG/fr_FR/436909e1252bef8975ac433433e7f824.jpg
BTG-076-C-FR,False,0,3,False,Le Marchand de Sable,Lyra,Commun,Personnage,3,3,0,3,3,,,"{H} Jusqu'à un Personnage ciblé gagne [[Endormi]]. (Au Crépuscule, ignorez ses statistiques. Au Repos, il ne va pas en Réserve et il perd Endormi.)",,ALT_CORE_B_LY_15_C,https://altered-prod-eu.s3.amazonaws.com/Art/CORE/CARDS/ALT_CORE_B_LY_15/JPG/fr_FR/463f0e2e5ced2eec5c8a3c422765d61b.jpg
BTG-077-C-FR,False,0,5,False,Croupière de l'Ouroboros,Lyra,Commun,Personnage,4,4,0,4,4,,,"{H} Lancez un dé. Sur 4+, piochez une carte. Sur 1-3, [Ravitaillez]. (Mettez la première carte de votre deck en Réserve.)",,ALT_CORE_B_LY_17_C,https://altered-prod-eu.s3.amazonaws.com/Art/CORE/CARDS/ALT_CORE_B_LY_17/JPG/fr_FR/d2e0af762b940699ccfb2471b6a73265.jpg
BTG-077-F-FR,False,0,1,False,Croupière de l'Ouroboros,Axiom,Rare,Personnage,4,4,0,#5#,#5#,,,"{H} Lancez un dé. Sur 4+, piochez une carte. Sur 1-3, [Ravitaillez]. (Mettez la première carte de votre deck en Réserve.)",#{D} : La prochaine carte que vous jouez ce tour coûte {1} de moins.# (Défaussez-moi de la Réserve pour ça.),ALT_CORE_B_LY_17_R2,https://altered-prod-eu.s3.amazonaws.com/Art/CORE/CARDS/ALT_CORE_B_LY_17/JPG/fr_FR/e491dfdda654f98f960ec71631ca3ae0.jpg
BTG-078-C-FR,False,0,4,False,Le Chapelier,Lyra,Commun,Personnage,4,5,5,5,0,,,,{D} : Un Personnage ciblé de Coût de Main {3} ou moins gagne [[Ancré]]. (Défaussez-moi de la Réserve pour ça.),ALT_CORE_B_LY_18_C,https://altered-prod-eu.s3.amazonaws.com/Art/CORE/CARDS/ALT_CORE_B_LY_18/JPG/fr_FR/f034a4acc9d249c2dd38cea803195815.jpg
BTG-078-F-FR,False,0,2,False,Le Chapelier,Bravos,Rare,Personnage,4,5,5,5,0,,,,{D} : Un Personnage ciblé de Coût de Main {3} ou moins gagne [[Ancré]]. (Défaussez-moi de la Réserve pour ça.),ALT_CORE_B_LY_18_R2,https://altered-prod-eu.s3.amazonaws.com/Art/CORE/CARDS/ALT_CORE_B_LY_18/JPG/fr_FR/1a639d3badcacc767fb5eda45ec3cf39.jpg
BTG-079-C-FR,False,0,2,False,"Amahle, Paria Asgarthi",Lyra,Commun,Personnage,5,5,5,5,5,,,{J} Vous pouvez défausser une carte de votre Réserve pour piocher une carte.,,ALT_CORE_B_LY_19_C,https://altered-prod-eu.s3.amazonaws.com/Art/CORE/CARDS/ALT_CORE_B_LY_19/JPG/fr_FR/658ba779098c6128ca63743abeeeb1ae.jpg
BTG-080-C-FR,False,0,3,False,Asmodée,Lyra,Commun,Personnage,6,6,5,5,5,,,"{J} Lancez un dé. Sur 4+, je gagne [[Ancré]]. Sur 1-3, je gagne 3 boosts. (Au Repos, je ne vais pas en Réserve et je perds Ancré. Un boost est un compteur +1/+1/+1. Retirez-le lorsqu'il quitte la zone d'Expédition.)",,ALT_CORE_B_LY_20_C,https://altered-prod-eu.s3.amazonaws.com/Art/CORE/CARDS/ALT_CORE_B_LY_20/JPG/fr_FR/a60febe571ae67b6d4cd54d71c70c9f3.jpg
BTG-080-R-FR,False,0,1,False,Asmodée,Lyra,Rare,Personnage,#5#,#5#,#4#,#4#,#4#,,,"{J} Lancez un dé. Sur 4+, je gagne [[Ancré]]. Sur 1-3, je gagne 3 boosts. (Au Repos, je ne vais pas en Réserve et je perds Ancré. Un boost est un compteur +1/+1/+1. Retirez-le lorsqu'il quitte la zone d'Expédition.)",,ALT_CORE_B_LY_20_R1,https://altered-prod-eu.s3.amazonaws.com/Art/CORE/CARDS/ALT_CORE_B_LY_20/JPG/fr_FR/e490f2947877801792536bc7c51e11aa.jpg
BTG-081-C-FR,False,0,2,False,Loki,Lyra,Commun,Personnage,7,5,5,5,5,,,"{H} Chaque joueur défausse sa main, puis pioche trois cartes.",,ALT_CORE_B_LY_21_C,https://altered-prod-eu.s3.amazonaws.com/Art/CORE/CARDS/ALT_CORE_B_LY_21/JPG/fr_FR/b0de9ea111c04dd04d08aab364d5bb16.jpg
BTG-081-C-FR,False,0,1,False,Loki,Lyra,Commun,Personnage,7,5,5,5,5,,,"{H} Chaque joueur défausse sa main, puis pioche trois cartes.",,ALT_COREKS_B_LY_21_C,https://altered-prod-eu.s3.amazonaws.com/Art/COREKS/CARDS/ALT_COREKS_B_LY_21/JPG/fr_FR/6b14f5b6f83f030624913e606db83147.jpg
BTG-082-C-FR,False,0,1,False,Entraînement A Cappella,Lyra,Commun,Sort,1,1,,,,,,"Un Personnage ciblé gagne [[Fugace]]. (S'il devait être envoyé en Réserve, défaussez-le à la place.)",,ALT_CORE_B_LY_22_C,https://altered-prod-eu.s3.amazonaws.com/Art/CORE/CARDS/ALT_CORE_B_LY_22/JPG/fr_FR/80cae7305a17f0e7a499303259dd1ba1.jpg
BTG-082-F-FR,False,0,1,False,Entraînement A Cappella,Muna,Rare,Sort,1,1,,,,,,"Un Personnage ciblé gagne [[Fugace]]. (S'il devait être envoyé en Réserve, défaussez-le à la place.)",,ALT_CORE_B_LY_22_R2,https://altered-prod-eu.s3.amazonaws.com/Art/CORE/CARDS/ALT_CORE_B_LY_22/JPG/fr_FR/fbd6fc5a3eae222c1cc6ed14befd14e8.jpg
BTG-083-C-FR,False,0,1,False,Franchir le Bifröst,Lyra,Commun,Sort,2,2,,,,,,[[Fugace]]. (Envoyez-moi à la Défausse plutôt qu'en Réserve après résolution de mon effet.)  Chaque Personnage que vous contrôlez change d'Expédition. (Il quitte son Expédition et rejoint l'autre Expédition de son contrôleur.),,ALT_CORE_B_LY_28_C,https://altered-prod-eu.s3.amazonaws.com/Art/CORE/CARDS/ALT_CORE_B_LY_28/JPG/fr_FR/2389c64f568d026f02cf0e83cdfb7391.jpg
BTG-084-C-FR,False,0,1,False,"Meunier, Tu Dors",Lyra,Commun,Sort,2,2,,,,,,"Un Personnage ciblé gagne [[Endormi]]. (Au Crépuscule, ignorez ses statistiques. Au Repos, il ne va pas en Réserve et il perd Endormi.)",{D} : La prochaine carte que vous jouez ce tour coûte {1} de moins. (Défaussez-moi de la Réserve pour ça.),ALT_CORE_B_LY_23_C,https://altered-prod-eu.s3.amazonaws.com/Art/CORE/CARDS/ALT_CORE_B_LY_23/JPG/fr_FR/7c88ed9ab9a73b9f561945473e68e755.jpg
BTG-085-C-FR,False,0,4,False,Tapis !,Lyra,Commun,Sort,3,3,,,,,,"Lancez un dé. Un Personnage ciblé gagne X boosts[], X étant le résultat. (Un boost est un compteur +1/+1/+1. Retirez-le lorsqu'il quitte la zone d'Expédition.)",,ALT_CORE_B_LY_25_C,https://altered-prod-eu.s3.amazonaws.com/Art/CORE/CARDS/ALT_CORE_B_LY_25/JPG/fr_FR/d77e2fde94d197dcca71682d0256cdd7.jpg
BTG-087-C-FR,False,0,5,False,Prison de Peinture,Lyra,Commun,Sort,5,5,,,,,,[[Fugace]]. (Envoyez-moi à la Défausse plutôt qu'en Réserve après résolution de mon effet.)  Vous pouvez défausser une carte de votre Réserve pour réduire mon coût de {2}.  Renvoyez un Personnage ou Permanent ciblé sur le dessus du deck de son propriétaire.,,ALT_CORE_B_LY_26_C,https://altered-prod-eu.s3.amazonaws.com/Art/CORE/CARDS/ALT_CORE_B_LY_26/JPG/fr_FR/a360fbdc1e354ff358a1f0c6a08b36e4.jpg
BTG-087-R-FR,False,0,1,False,Prison de Peinture,Lyra,Rare,Sort,#4#,#4#,,,,,,[[Fugace]]. (Envoyez-moi à la Défausse plutôt qu'en Réserve après résolution de mon effet.)  Vous pouvez défausser une carte de votre Réserve pour réduire mon coût de #{1}#.  Renvoyez un Personnage ou Permanent ciblé sur le dessus du deck de son propriétaire.,,ALT_CORE_B_LY_26_R1,https://altered-prod-eu.s3.amazonaws.com/Art/CORE/CARDS/ALT_CORE_B_LY_26/JPG/fr_FR/b3e9956135fa3d76a7a02f457e7e189d.jpg
BTG-089-C-FR,False,0,2,False,Festival Lyra,Lyra,Commun,Permanent,4,4,,,,,,"{J} Piochez une carte.  Au Crépuscule, si vous contrôlez un Personnage [[Fugace]], un autre Personnage [[Ancré]], et encore un Personnage [[Endormi]] — vous gagnez la partie.",,ALT_CORE_B_LY_29_C,https://altered-prod-eu.s3.amazonaws.com/Art/CORE/CARDS/ALT_CORE_B_LY_29/JPG/fr_FR/724b5192da12808a2b63e0db8816f7c7.jpg
BTG-090-C-FR,False,0,1,False,"L'Ouroboros, Bastion Lyra",Lyra,Commun,Permanent,4,4,,,,,,"Si vous deviez lancer au moins un dé, lancez un dé supplémentaire et ignorez le résultat du dé de votre choix.",,ALT_CORE_B_LY_30_C,https://altered-prod-eu.s3.amazonaws.com/Art/CORE/CARDS/ALT_CORE_B_LY_30/JPG/fr_FR/0bfd7526dd84d56f7f06ebf12c653f5d.jpg
BTG-090-R-FR,False,0,2,False,"L'Ouroboros, Bastion Lyra",Lyra,Rare,Permanent,#3#,#3#,,,,,,"Si vous deviez lancer au moins un dé, lancez un dé supplémentaire et ignorez le résultat du dé de votre choix.",,ALT_CORE_B_LY_30_R1,https://altered-prod-eu.s3.amazonaws.com/Art/CORE/CARDS/ALT_CORE_B_LY_30/JPG/fr_FR/993046f45c6b77a1a13731943454f315.jpg
BTG-091-H-FR,False,0,4,False,Teija & Nauraa,Muna,Commun,Héros,0,0,,,,2,2,Le premier Personnage que vous jouez chaque Après-midi gagne 1 boost[]. (Un boost est un compteur +1/+1/+1. Retirez-le lorsqu'il quitte la zone d'Expédition.),,ALT_CORE_B_MU_01_C,https://altered-prod-eu.s3.amazonaws.com/Art/CORE/CARDS/ALT_CORE_B_MU_01/JPG/fr_FR/ffc025ebddeb11eddf91f5a0479920bb.jpg
BTG-093-H-FR,False,0,1,False,Rin & Orchid,Muna,Commun,Héros,0,0,,,,2,2,"Lorsqu'une de vos Expéditions avance grâce à {V} — Piochez une carte, puis mettez une carte de votre main en Réserve.",,ALT_CORE_B_MU_03_C,https://altered-prod-eu.s3.amazonaws.com/Art/CORE/CARDS/ALT_CORE_B_MU_03/JPG/fr_FR/e341af9cf9cdb3b64296ad350a8893ae.jpg
BTG-094-C-FR,False,0,1,False,Soigneuse Muna,Muna,Commun,Personnage,1,1,0,1,0,,,,{D} : Un Personnage ciblé de Coût de Main {3} ou moins gagne [[Ancré]]. (Défaussez-moi de la Réserve pour ça.),ALT_CORE_B_MU_04_C,https://altered-prod-eu.s3.amazonaws.com/Art/CORE/CARDS/ALT_CORE_B_MU_04/JPG/fr_FR/f29ab1cac5b846ccb0be45648e99b016.jpg
BTG-094-R-FR,False,0,1,False,Soigneuse Muna,Muna,Rare,Personnage,1,1,#1#,#2#,0,,,,{D} : Un Personnage ciblé de Coût de Main {3} ou moins gagne [[Ancré]]. (Défaussez-moi de la Réserve pour ça.),ALT_CORE_B_MU_04_R1,https://altered-prod-eu.s3.amazonaws.com/Art/CORE/CARDS/ALT_CORE_B_MU_04/JPG/fr_FR/abcc1b7572c262a128b4a1e91ec97a43.jpg
BTG-094-F-FR,False,0,1,False,Soigneuse Muna,Yzmir,Rare,Personnage,1,1,0,1,0,,,,{D} : Un Personnage ciblé de Coût de Main {3} ou moins gagne [[Ancré]]. (Défaussez-moi de la Réserve pour ça.),ALT_CORE_B_MU_04_R2,https://altered-prod-eu.s3.amazonaws.com/Art/CORE/CARDS/ALT_CORE_B_MU_04/JPG/fr_FR/879fef24d3f454aa5d84e34d86ae98f4.jpg
BTG-095-C-FR,False,0,2,False,Vendangeurs du Fuseau,Muna,Commun,Personnage,1,1,1,0,0,,,"{J} Je gagne [[Ancré]]. (Au Repos, je ne vais pas en Réserve et je perds Ancré.)",,ALT_CORE_B_MU_06_C,https://altered-prod-eu.s3.amazonaws.com/Art/CORE/CARDS/ALT_CORE_B_MU_06/JPG/fr_FR/418df3e024bd9bc2cde758bc72dac64a.jpg
BTG-096-C-FR,False,0,1,False,Mowgli,Muna,Commun,Personnage,2,1,3,0,0,,,,,ALT_CORE_B_MU_07_C,https://altered-prod-eu.s3.amazonaws.com/Art/CORE/CARDS/ALT_CORE_B_MU_07/JPG/fr_FR/63ccc5a0e556ef7bf934f29b5b756af4.jpg
BTG-097-C-FR,False,0,1,False,Kitsune,Muna,Commun,Personnage,2,2,0,3,2,,,{H} Chaque joueur pioche une carte.,,ALT_CORE_B_MU_05_C,https://altered-prod-eu.s3.amazonaws.com/Art/CORE/CARDS/ALT_CORE_B_MU_05/JPG/fr_FR/959eb15c44c8e1585b5a5ce5dc971b34.jpg
BTG-097-R-FR,False,0,1,False,Kitsune,Muna,Rare,Personnage,2,2,0,3,#3#,,,{H} Chaque joueur #peut [Ravitailler]#. (Mettre la première carte de son deck en Réserve.),,ALT_CORE_B_MU_05_R1,https://altered-prod-eu.s3.amazonaws.com/Art/CORE/CARDS/ALT_CORE_B_MU_05/JPG/fr_FR/1f802650bd0de0ec9f5b25ce0f6d5ddc.jpg
BTG-098-C-FR,False,0,2,False,Kodama,Muna,Commun,Personnage,2,2,3,3,3,,,"{H} Je gagne [[Endormi]]. (Au Crépuscule, ignorez mes statistiques. Au Repos, je ne vais pas en Réserve et je perds Endormi.)",,ALT_CORE_B_MU_09_C,https://altered-prod-eu.s3.amazonaws.com/Art/CORE/CARDS/ALT_CORE_B_MU_09/JPG/fr_FR/7c949f1388c14acc8dae4a04aef9ccec.jpg
BTG-099-C-FR,False,0,2,False,Champignon Éternueur,Muna,Commun,Personnage,2,2,1,1,1,,,"{J} Je gagne [[Ancré]]. (Au Repos, je ne vais pas en Réserve et je perds Ancré.)",,ALT_CORE_B_MU_08_C,https://altered-prod-eu.s3.amazonaws.com/Art/CORE/CARDS/ALT_CORE_B_MU_08/JPG/fr_FR/43619e77877d02db4506f3803478d445.jpg
BTG-101-C-FR,False,0,1,False,Inari,Muna,Commun,Personnage,3,2,3,1,3,,,,,ALT_CORE_B_MU_11_C,https://altered-prod-eu.s3.amazonaws.com/Art/CORE/CARDS/ALT_CORE_B_MU_11/JPG/fr_FR/90dc91e5e1934bbe73281b1871c7f673.jpg
BTG-105-C-FR,False,0,1,False,Dracaena,Muna,Commun,Personnage,3,3,0,2,2,,,"{J} Je gagne [[Ancré]]. (Au Repos, je ne vais pas en Réserve et je perds Ancré.)  À Midi — Je gagne 1 boost.",,ALT_CORE_B_MU_15_C,https://altered-prod-eu.s3.amazonaws.com/Art/CORE/CARDS/ALT_CORE_B_MU_15/JPG/fr_FR/181be5dbfb1c882337072756f475817b.jpg
BTG-106-C-FR,False,0,2,False,"Yong-Su, Tisserand Verdoyant",Muna,Commun,Personnage,3,3,3,3,3,,,"{J} Si vous contrôlez au moins deux Plantes, je gagne 2 boosts[]. (Les cartes en Réserve ne sont pas contrôlées. Un boost est un compteur +1/+1/+1. Retirez-le lorsqu'il quitte la zone d'Expédition.)",,ALT_CORE_B_MU_10_C,https://altered-prod-eu.s3.amazonaws.com/Art/CORE/CARDS/ALT_CORE_B_MU_10/JPG/fr_FR/e0e1a61ec6717968310bd84b1858d574.jpg
BTG-107-C-FR,False,0,2,False,Parvati,Muna,Commun,Personnage,4,2,3,0,3,,,"{H} Un Personnage ciblé gagne [[Ancré]]. (Au Repos, il ne va pas en Réserve et il perd Ancré.)",,ALT_CORE_B_MU_18_C,https://altered-prod-eu.s3.amazonaws.com/Art/CORE/CARDS/ALT_CORE_B_MU_18/JPG/fr_FR/585170f97370f28ff869188fcadcd33e.jpg
BTG-107-R-FR,False,0,1,False,Parvati,Muna,Rare,Personnage,4,#3#,3,0,3,,,"#{J}# Un Personnage ciblé gagne [[Ancré]]. (Au Repos, il ne va pas en Réserve et il perd Ancré.)",,ALT_CORE_B_MU_18_R1,https://altered-prod-eu.s3.amazonaws.com/Art/CORE/CARDS/ALT_CORE_B_MU_18/JPG/fr_FR/ff10f292259839f8762187c78e86809c.jpg
BTG-108-C-FR,False,0,2,False,Cernunnos,Muna,Commun,Personnage,4,3,4,4,4,,,,,ALT_CORE_B_MU_14_C,https://altered-prod-eu.s3.amazonaws.com/Art/CORE/CARDS/ALT_CORE_B_MU_14/JPG/fr_FR/7e39bf9db699cfd9f84dc679b47bb0ea.jpg
BTG-108-F-FR,False,0,1,False,Cernunnos,Lyra,Rare,Personnage,#3#,3,4,4,4,,,,,ALT_COREKS_B_MU_14_R2,https://altered-prod-eu.s3.amazonaws.com/Art/COREKS/CARDS/ALT_CORE_B_MU_14/JPG/fr_FR/d9bcc5bda06e0ad82b2d7f91fcdb221b.jpg
BTG-109-C-FR,False,0,2,False,Aja,Muna,Commun,Personnage,4,4,4,5,4,,,{H} Chaque joueur met la carte du dessus de son deck dans sa zone de Mana (en tant qu'Orbe de Mana épuisé).,,ALT_CORE_B_MU_17_C,https://altered-prod-eu.s3.amazonaws.com/Art/CORE/CARDS/ALT_CORE_B_MU_17/JPG/fr_FR/a7a2f8df8b466122c5af01c9cfeb01d8.jpg
BTG-109-F-FR,False,0,1,False,Aja,Bravos,Rare,Personnage,4,4,4,5,4,,,{H} Chaque joueur met la carte du dessus de son deck dans sa zone de Mana (en tant qu'Orbe de Mana épuisé).,,ALT_CORE_B_MU_17_R2,https://altered-prod-eu.s3.amazonaws.com/Art/CORE/CARDS/ALT_CORE_B_MU_17/JPG/fr_FR/7eab58265b8f3cdaf1a9e8d3526a8825.jpg
BTG-110-C-FR,False,0,3,False,Vertéchine,Muna,Commun,Personnage,4,4,5,5,6,,,J'ai [Défenseur] sauf si vous contrôlez au moins deux autres Plantes. (Mon Expédition ne peut pas avancer au Crépuscule.),,ALT_CORE_B_MU_19_C,https://altered-prod-eu.s3.amazonaws.com/Art/CORE/CARDS/ALT_CORE_B_MU_19/JPG/fr_FR/251af049cb9d5a5a7241ba74957d716e.jpg
BTG-111-C-FR,False,0,1,False,Pignon Pugnace,Muna,Commun,Personnage,5,5,3,3,3,,,"{J} Je gagne [[Ancré]]. (Au Repos, je ne vais pas en Réserve et je perds Ancré.)",,ALT_CORE_B_MU_20_C,https://altered-prod-eu.s3.amazonaws.com/Art/CORE/CARDS/ALT_CORE_B_MU_20/JPG/fr_FR/2944f873d6499eea1e1c446fe37def58.jpg
BTG-111-R-FR,False,0,1,False,Pignon Pugnace,Muna,Rare,Personnage,#4#,#4#,3,3,3,,,"{J} Je gagne [[Ancré]]. (Au Repos, je ne vais pas en Réserve et je perds Ancré.)",,ALT_CORE_B_MU_20_R1,https://altered-prod-eu.s3.amazonaws.com/Art/CORE/CARDS/ALT_CORE_B_MU_20/JPG/fr_FR/10136ba28ed8c661a4a4b297b8641504.jpg
BTG-112-C-FR,False,0,2,False,Fils d'Yggdrasil,Muna,Commun,Personnage,6,6,6,3,3,,,[Gigantesque]. (Je suis considéré présent dans chacune de vos Expéditions.),,ALT_CORE_B_MU_21_C,https://altered-prod-eu.s3.amazonaws.com/Art/CORE/CARDS/ALT_CORE_B_MU_21/JPG/fr_FR/7e11244d2cb2b484c3241202b5a6b376.jpg
BTG-112-C-FR,False,0,1,False,Fils d'Yggdrasil,Muna,Commun,Personnage,6,6,6,3,3,,,[Gigantesque]. (Je suis considéré présent dans chacune de vos Expéditions.),,ALT_COREKS_B_MU_21_C,https://altered-prod-eu.s3.amazonaws.com/Art/COREKS/CARDS/ALT_CORE_B_MU_21/JPG/fr_FR/1fedd939bb6d1ba8365157dd0627f2da.jpg
BTG-112-R-FR,False,0,1,False,Fils d'Yggdrasil,Muna,Rare,Personnage,6,6,6,3,3,,,[Gigantesque]. (Je suis considéré présent dans chacune de vos Expéditions.)  #[Coriace 1].# (Les Sorts et capacités d'un adversaire qui me ciblent coûtent {1} de plus.),#{D} : Un Personnage ciblé de Coût de Main {3} ou moins gagne [[Ancré]].# (Défaussez-moi de la Réserve pour ça.),ALT_CORE_B_MU_21_R1,https://altered-prod-eu.s3.amazonaws.com/Art/CORE/CARDS/ALT_CORE_B_MU_21/JPG/fr_FR/beaeddc0aaa07c54fbf64aafe1774a0b.jpg
BTG-113-C-FR,False,0,1,False,Hydracaena,Muna,Commun,Personnage,7,7,0,0,0,,,"[Éternel]. (Au Repos, je ne vais pas en Réserve.)  {J} Je gagne 4 boosts.  À Midi — Je gagne 4 boosts.",,ALT_CORE_B_MU_22_C,https://altered-prod-eu.s3.amazonaws.com/Art/CORE/CARDS/ALT_CORE_B_MU_22/JPG/fr_FR/1fed6320d3efd64b974d2d753775124b.jpg
BTG-114-C-FR,False,0,1,False,Récolter,Muna,Commun,Sort,1,2,,,,,,[Ravitaillez]. (Mettez la première carte de votre deck en Réserve.),,ALT_CORE_B_MU_29_C,https://altered-prod-eu.s3.amazonaws.com/Art/CORE/CARDS/ALT_CORE_B_MU_29/JPG/fr_FR/c9c8e866167bdb120547744aa4f5851c.jpg
BTG-114-R-FR,False,0,1,False,Récolter,Muna,Rare,Sort,#2#,2,,,,,,"[Ravitaillez], #puis [Ravitaillez] à nouveau#. (Mettez la première carte de votre deck en Réserve.)",,ALT_CORE_B_MU_29_R1,https://altered-prod-eu.s3.amazonaws.com/Art/CORE/CARDS/ALT_CORE_B_MU_29/JPG/fr_FR/cd79d68360de50404605fb0c33a783a1.jpg
BTG-115-C-FR,False,0,2,False,Sommeil Réparateur,Muna,Commun,Sort,1,3,,,,,,"Un Personnage ciblé gagne [[Endormi]]. (Au Crépuscule, ignorez ses statistiques. Au Repos, il ne va pas en Réserve et il perd Endormi.)",,ALT_CORE_B_MU_28_C,https://altered-prod-eu.s3.amazonaws.com/Art/CORE/CARDS/ALT_CORE_B_MU_28/JPG/fr_FR/e7aa726fc8db46b300a689734b3b8713.jpg
BTG-115-R-FR,False,0,1,False,Sommeil Réparateur,Muna,Rare,Sort,1,3,,,,,,"Un Personnage ciblé gagne [[Endormi]]. #Vous pouvez lui faire gagner 2 boosts.# (Au Crépuscule, ignorez ses statistiques. Au Repos, il ne va pas en Réserve et il perd Endormi.)",,ALT_CORE_B_MU_28_R1,https://altered-prod-eu.s3.amazonaws.com/Art/CORE/CARDS/ALT_CORE_B_MU_28/JPG/fr_FR/6394f2ab29d08d9e873fd8ed1300ac84.jpg
BTG-115-F-FR,False,0,1,False,Sommeil Réparateur,Yzmir,Rare,Sort,1,3,,,,,,"Un Personnage ciblé gagne [[Endormi]]. (Au Crépuscule, ignorez ses statistiques. Au Repos, il ne va pas en Réserve et il perd Endormi.)",,ALT_CORE_B_MU_28_R2,https://altered-prod-eu.s3.amazonaws.com/Art/CORE/CARDS/ALT_CORE_B_MU_28/JPG/fr_FR/0256d383d8e01d68665b985a13bc4152.jpg
BTG-116-R-FR,False,0,2,False,Abreuver,Muna,Rare,Sort,#3#,#2#,,,,,,Jusqu'à deux Personnages ciblés gagnent chacun #2 boosts[]#. (Un boost est un compteur +1/+1/+1. Retirez-le lorsqu'il quitte la zone d'Expédition.),,ALT_CORE_B_MU_27_R1,https://altered-prod-eu.s3.amazonaws.com/Art/CORE/CARDS/ALT_CORE_B_MU_27/JPG/fr_FR/28752b203c4c0067e3dd1b0d3a6879ec.jpg
BTG-117-C-FR,False,0,1,False,Entraînement à la Méditation,Muna,Commun,Sort,2,3,,,,,,"Un Personnage ciblé de Coût de Main {3} ou moins gagne [[Ancré]]. (Au Repos, il ne va pas en Réserve et il perd Ancré.)",,ALT_CORE_B_MU_25_C,https://altered-prod-eu.s3.amazonaws.com/Art/CORE/CARDS/ALT_CORE_B_MU_25/JPG/fr_FR/a1af0970e68c44cc540045fda678f1fe.jpg
BTG-117-F-FR,False,0,1,False,Entraînement à la Méditation,Yzmir,Rare,Sort,2,3,,,,,,"Un Personnage ciblé de Coût de Main {3} ou moins gagne [[Ancré]]. (Au Repos, il ne va pas en Réserve et il perd Ancré.)",,ALT_CORE_B_MU_25_R2,https://altered-prod-eu.s3.amazonaws.com/Art/CORE/CARDS/ALT_CORE_B_MU_25/JPG/fr_FR/2e4a73b1f4b4cc44dfeb7916db978d53.jpg
BTG-118-C-FR,False,0,4,False,Moisson de Mana,Muna,Commun,Sort,3,3,,,,,,[[Fugace]]. (Envoyez-moi à la Défausse plutôt qu'en Réserve après résolution de mon effet.)  Mettez un Personnage ou Permanent ciblé dans la zone de Mana de son Propriétaire (en tant qu'Orbe de Mana épuisé).,,ALT_CORE_B_MU_26_C,https://altered-prod-eu.s3.amazonaws.com/Art/CORE/CARDS/ALT_CORE_B_MU_26/JPG/fr_FR/1582e4f86fd5715ae591d6afc2e53779.jpg
BTG-118-R-FR,False,0,1,False,Moisson de Mana,Muna,Rare,Sort,3,3,,,,,,Mettez un Personnage ou Permanent ciblé dans la zone de Mana de son Propriétaire (en tant qu'Orbe de Mana épuisé).,,ALT_CORE_B_MU_26_R1,https://altered-prod-eu.s3.amazonaws.com/Art/CORE/CARDS/ALT_CORE_B_MU_26/JPG/fr_FR/2c03254461bf54c014da38ae7139081b.jpg
BTG-119-C-FR,False,0,1,False,Prairie Prolifique,Muna,Commun,Permanent,2,2,,,,,,{T} : La prochaine Plante que vous jouez ce tour coûte {1} de moins.,,ALT_CORE_B_MU_24_C,https://altered-prod-eu.s3.amazonaws.com/Art/CORE/CARDS/ALT_CORE_B_MU_24/JPG/fr_FR/c003dbf68b31be32ee923cc2ac24726b.jpg
BTG-120-C-FR,False,0,1,False,"Le Fuseau, Bastion Muna",Muna,Commun,Permanent,3,3,,,,,,Les Personnages que vous contrôlez ont [Coriace 2]. (Les Sorts et capacités d'un adversaire qui me ciblent coûtent {2} de plus.),,ALT_COREKS_B_MU_30_C,https://altered-prod-eu.s3.amazonaws.com/Art/COREKS/CARDS/ALT_CORE_B_MU_30/JPG/fr_FR/b6e837747d4c23980045ba5f843cdba3.jpg
BTG-120-C-FR,False,0,1,False,"Le Fuseau, Bastion Muna",Muna,Commun,Permanent,3,3,,,,,,Les Personnages que vous contrôlez ont [Coriace 2]. (Les Sorts et capacités d'un adversaire qui me ciblent coûtent {2} de plus.),,ALT_CORE_B_MU_30_C,https://altered-prod-eu.s3.amazonaws.com/Art/CORE/CARDS/ALT_CORE_B_MU_30/JPG/fr_FR/e5279265060d9069a8601d8da9c6b176.jpg
BTG-121-H-FR,False,0,3,False,Sigismar & Wingspan,Ordis,Commun,Héros,0,0,,,,2,2,À Midi — Créez un jeton Soldat [1/1/1 Recrue Ordis] dans votre Expédition Héros.,,ALT_CORE_B_OR_01_C,https://altered-prod-eu.s3.amazonaws.com/Art/CORE/CARDS/ALT_CORE_B_OR_01/JPG/fr_FR/324a868c471eb334b99205b8c94246f4.jpg
BTG-122-H-FR,False,0,1,False,Gulrang & Tocsin,Ordis,Commun,Héros,0,0,,,,2,2,"Lorsque vous créez un Personnage jeton — Il gagne 1 boost.  Si vous avez moins de huit Orbes de Mana, les jetons [[Boostés]] que vous contrôlez sont [Défenseurs]. (Leurs Expéditions ne peuvent pas avancer au Crépuscule.)",,ALT_CORE_B_OR_03_C,https://altered-prod-eu.s3.amazonaws.com/Art/CORE/CARDS/ALT_CORE_B_OR_03/JPG/fr_FR/65e05de4424d879e59af1a35b9043641.jpg
BTG-123-H-FR,False,0,1,False,Waru & Mack,Ordis,Commun,Héros,0,0,,,,2,2,"À Midi — Si vous contrôlez au moins un Bureaucrate, créez un jeton Soldat [1/1/1 Recrue Ordis] dans une Expédition ciblée.  Lorsque vous jouez un Bureaucrate — Vous pouvez lui faire gagner [[Endormi]]. (Au Crépuscule, ignorez ses statistiques. Au Repos, il ne va pas en Réserve et il perd Endormi.)",,ALT_CORE_B_OR_02_C,https://altered-prod-eu.s3.amazonaws.com/Art/CORE/CARDS/ALT_CORE_B_OR_02/JPG/fr_FR/9e1ab4e5ddc39396f3db3f9a9e65794c.jpg
BTG-124-C-FR,False,0,4,False,Troupière Ordis,Ordis,Commun,Personnage,1,1,1,1,1,,,,,ALT_CORE_B_OR_05_C,https://altered-prod-eu.s3.amazonaws.com/Art/CORE/CARDS/ALT_CORE_B_OR_05/JPG/fr_FR/18e311312a42582eb3012a5bcae07189.jpg
BTG-124-R-FR,False,0,1,False,Troupière Ordis,Ordis,Rare,Personnage,1,1,1,#2#,#2#,,,,,ALT_CORE_B_OR_05_R1,https://altered-prod-eu.s3.amazonaws.com/Art/CORE/CARDS/ALT_CORE_B_OR_05/JPG/fr_FR/78b2f53a9f8f82646ea99d5fb4b36323.jpg
BTG-124-F-FR,False,0,1,False,Troupière Ordis,Yzmir,Rare,Personnage,1,1,1,1,1,,,,,ALT_CORE_B_OR_05_R2,https://altered-prod-eu.s3.amazonaws.com/Art/CORE/CARDS/ALT_CORE_B_OR_05/JPG/fr_FR/b39deb042d00e2ce687c7b16b68189df.jpg
BTG-126-C-FR,False,0,2,False,Archiviste du Monolithe,Ordis,Commun,Personnage,2,2,3,3,3,,,[Défenseur]. (Mon Expédition ne peut pas avancer au Crépuscule.),,ALT_CORE_B_OR_10_C,https://altered-prod-eu.s3.amazonaws.com/Art/CORE/CARDS/ALT_CORE_B_OR_10/JPG/fr_FR/0fbdc7ae5bf9dbd4c2c9f3c1218a422f.jpg
BTG-126-F-FR,False,0,1,False,Archiviste du Monolithe,Yzmir,Rare,Personnage,2,2,3,3,3,,,[Défenseur]. (Mon Expédition ne peut pas avancer au Crépuscule.),,ALT_CORE_B_OR_10_R2,https://altered-prod-eu.s3.amazonaws.com/Art/CORE/CARDS/ALT_CORE_B_OR_10/JPG/fr_FR/7af8009d4efd2bdceae2ddcdb5b0f377.jpg
BTG-127-C-FR,False,0,2,False,Légat du Monolithe,Ordis,Commun,Personnage,2,2,2,1,2,,,Lorsque mon Expédition n'avance pas pendant le Crépuscule — [Sabotez] après le Repos. (Défaussez jusqu'à une carte d'une Réserve.),,ALT_CORE_B_OR_08_C,https://altered-prod-eu.s3.amazonaws.com/Art/CORE/CARDS/ALT_CORE_B_OR_08/JPG/fr_FR/30420969e950bbb4d688b7bb03fd26b4.jpg
BTG-127-F-FR,False,0,3,False,Légat du Monolithe,Yzmir,Rare,Personnage,2,2,2,1,2,,,Lorsque mon Expédition n'avance pas pendant le Crépuscule — [Sabotez] après le Repos. (Défaussez jusqu'à une carte d'une Réserve.),,ALT_CORE_B_OR_08_R2,https://altered-prod-eu.s3.amazonaws.com/Art/CORE/CARDS/ALT_CORE_B_OR_08/JPG/fr_FR/3756caee583ca2f4b078d6e87b18e120.jpg
BTG-128-C-FR,False,0,3,False,Scribe Runique du Monolithe,Ordis,Commun,Personnage,2,2,2,2,2,,,,,ALT_CORE_B_OR_07_C,https://altered-prod-eu.s3.amazonaws.com/Art/CORE/CARDS/ALT_CORE_B_OR_07/JPG/fr_FR/49c7ffb848614764656c5e76d10a89fd.jpg
BTG-128-R-FR,False,0,2,False,Scribe Runique du Monolithe,Ordis,Rare,Personnage,2,2,#1#,2,2,,,"#{H} Si vous contrôlez un jeton, [Ravitaillez].# (Mettez la première carte de votre deck en Réserve.)",,ALT_CORE_B_OR_07_R1,https://altered-prod-eu.s3.amazonaws.com/Art/CORE/CARDS/ALT_CORE_B_OR_07/JPG/fr_FR/fc4971ed3440464f16527895a66d1b58.jpg
BTG-129-C-FR,False,0,4,False,Cadets Ordis,Ordis,Commun,Personnage,2,2,1,1,0,,,{J} Créez un jeton Soldat [1/1/1 Recrue Ordis] dans mon Expédition.,,ALT_CORE_B_OR_06_C,https://altered-prod-eu.s3.amazonaws.com/Art/CORE/CARDS/ALT_CORE_B_OR_06/JPG/fr_FR/59cd47e579038c5456faf4ecde283d01.jpg
BTG-129-F-FR,False,0,1,False,Cadets Ordis,Yzmir,Rare,Personnage,2,2,1,1,0,,,{J} Créez un jeton Soldat [1/1/1 Recrue Ordis] dans mon Expédition.,#{D} : Le prochain Sort que vous jouez ce tour coûte {1} de moins.# (Défaussez-moi de la Réserve pour ça.),ALT_CORE_B_OR_06_R2,https://altered-prod-eu.s3.amazonaws.com/Art/CORE/CARDS/ALT_CORE_B_OR_06/JPG/fr_FR/8b4268c6e8f827e5d01da53dab83c98c.jpg
BTG-130-C-FR,False,0,2,False,Ozma,Ordis,Commun,Personnage,2,2,1,2,1,,,"{J} Si vous contrôlez au moins trois autres Personnages, piochez une carte. (Les cartes en Réserve ne sont pas contrôlées.)",,ALT_CORE_B_OR_11_C,https://altered-prod-eu.s3.amazonaws.com/Art/CORE/CARDS/ALT_CORE_B_OR_11/JPG/fr_FR/b36fa5d09768d2d37f4001d4a044bf22.jpg
BTG-131-C-FR,False,0,4,False,Le Roi-Grenouille,Ordis,Commun,Personnage,2,2,3,0,3,,,,,ALT_CORE_B_OR_09_C,https://altered-prod-eu.s3.amazonaws.com/Art/CORE/CARDS/ALT_CORE_B_OR_09/JPG/fr_FR/81c0254c7a63073f87dc1d1577ccefde.jpg
BTG-132-C-FR,False,0,3,False,Espionne Ordis,Ordis,Commun,Personnage,3,2,2,2,2,,,{H} [Sabotez]. (Défaussez jusqu'à une carte d'une Réserve.),,ALT_CORE_B_OR_14_C,https://altered-prod-eu.s3.amazonaws.com/Art/CORE/CARDS/ALT_CORE_B_OR_14/JPG/fr_FR/1c474d8247d1ee8946e3184250be6e43.jpg
BTG-132-R-FR,False,0,1,False,Espionne Ordis,Ordis,Rare,Personnage,3,2,2,2,2,,,{H} [Sabotez]. (Défaussez jusqu'à une carte d'une Réserve.)  #{R} Créez un jeton Soldat [1/1/1 Recrue Ordis] dans mon Expédition.#,,ALT_CORE_B_OR_14_R1,https://altered-prod-eu.s3.amazonaws.com/Art/CORE/CARDS/ALT_CORE_B_OR_14/JPG/fr_FR/dc0b2005e990a8b2bb01f8072042f325.jpg
BTG-132-F-FR,False,0,1,False,Espionne Ordis,Bravos,Rare,Personnage,3,2,2,2,2,,,{H} [Sabotez]. (Défaussez jusqu'à une carte d'une Réserve.)  #{R} Créez un jeton Soldat [1/1/1 Recrue Ordis] dans mon Expédition.#,,ALT_COREKS_B_OR_14_R2,https://altered-prod-eu.s3.amazonaws.com/Art/COREKS/CARDS/ALT_CORE_B_OR_14/JPG/fr_FR/8f5141120f03ec0cce3c1126519ffb02.jpg
BTG-133-C-FR,False,0,2,False,"Kakoba, Commandant de Légion",Ordis,Commun,Personnage,3,3,2,2,2,,,"{J} Si vous contrôlez au moins trois autres Personnages, je gagne 2 boosts[]. (Les cartes en Réserve ne sont pas contrôlées. Un boost est un compteur +1/+1/+1. Retirez-le lorsqu'il quitte la zone d'Expédition.)",,ALT_CORE_B_OR_15_C,https://altered-prod-eu.s3.amazonaws.com/Art/CORE/CARDS/ALT_CORE_B_OR_15/JPG/fr_FR/7dbd96d472905d18fea4f286ff4802cf.jpg
BTG-133-R-FR,False,0,1,False,"Kakoba, Commandant de Légion",Ordis,Rare,Personnage,3,3,2,2,2,,,"{J} Si vous contrôlez au moins trois autres Personnages, je gagne #3 boosts[]#. (Les cartes en Réserve ne sont pas contrôlées. Un boost est un compteur +1/+1/+1. Retirez-le lorsqu'il quitte la zone d'Expédition.)",,ALT_CORE_B_OR_15_R1,https://altered-prod-eu.s3.amazonaws.com/Art/CORE/CARDS/ALT_CORE_B_OR_15/JPG/fr_FR/a0dda51604ca5b5b5b8afdbc6e115da5.jpg
BTG-134-C-FR,False,0,2,False,Procuratrice Ordis,Ordis,Commun,Personnage,3,3,2,3,3,,,Lorsque mon Expédition n'avance pas pendant le Crépuscule — Piochez une carte.,,ALT_CORE_B_OR_16_C,https://altered-prod-eu.s3.amazonaws.com/Art/CORE/CARDS/ALT_CORE_B_OR_16/JPG/fr_FR/d5637bd6a37f7fd7a06525eb21f5327f.jpg
BTG-135-C-FR,False,0,4,False,Gardienne Ordis,Ordis,Commun,Personnage,3,3,1,3,1,,,{J} Créez un jeton Soldat [1/1/1 Recrue Ordis] dans votre autre Expédition.,,ALT_CORE_B_OR_13_C,https://altered-prod-eu.s3.amazonaws.com/Art/CORE/CARDS/ALT_CORE_B_OR_13/JPG/fr_FR/445a6a104124fb4aa52da361e0e1b499.jpg
BTG-135-R-FR,False,0,1,False,Gardienne Ordis,Ordis,Rare,Personnage,3,3,1,#1#,1,,,{J} Créez un jeton Soldat [1/1/1 Recrue Ordis] dans #chacune de vos# Expéditions.,,ALT_CORE_B_OR_13_R1,https://altered-prod-eu.s3.amazonaws.com/Art/CORE/CARDS/ALT_CORE_B_OR_13/JPG/fr_FR/342025fcbdfd8d0b0b968461d260c893.jpg
BTG-137-C-FR,False,0,4,False,Jeanne d'Arc,Ordis,Commun,Personnage,4,4,2,2,2,,,Lorsque je quitte la zone d'Expédition — Créez un jeton Soldat [1/1/1 Recrue Ordis] dans chacune de vos Expéditions.,,ALT_CORE_B_OR_17_C,https://altered-prod-eu.s3.amazonaws.com/Art/CORE/CARDS/ALT_CORE_B_OR_17/JPG/fr_FR/0432d3a7180e47da97060c696760d91d.jpg
BTG-137-R-FR,False,0,1,False,Jeanne d'Arc,Ordis,Rare,Personnage,#5#,#5#,2,2,2,,,Lorsque je quitte la zone d'Expédition — Créez #deux jetons# Soldat [1/1/1 Recrue Ordis] dans chacune de vos Expéditions.,,ALT_COREKS_B_OR_17_R1,https://altered-prod-eu.s3.amazonaws.com/Art/COREKS/CARDS/ALT_CORE_B_OR_17/JPG/fr_FR/f621d3f140cb36ffc29369e3ca4ec014.jpg
BTG-137-R-FR,False,0,1,False,Jeanne d'Arc,Ordis,Rare,Personnage,#5#,#5#,2,2,2,,,Lorsque je quitte la zone d'Expédition — Créez #deux jetons# Soldat [1/1/1 Recrue Ordis] dans chacune de vos Expéditions.,,ALT_CORE_B_OR_17_R1,https://altered-prod-eu.s3.amazonaws.com/Art/CORE/CARDS/ALT_CORE_B_OR_17/JPG/fr_FR/6af6140561c36495962faad8584996bc.jpg
BTG-140-C-FR,False,0,1,False,Le Conseil,Ordis,Commun,Personnage,4,4,4,4,4,,,"Les capacités {j}, {h} et {r} des Personnages qui me font face ne peuvent pas s’activer.",,ALT_CORE_B_OR_12_C,https://altered-prod-eu.s3.amazonaws.com/Art/CORE/CARDS/ALT_CORE_B_OR_12/JPG/fr_FR/7ef1d820ec2fbcf5e47b139f4cb8f989.jpg
BTG-141-C-FR,False,0,2,False,Anubis,Ordis,Commun,Personnage,5,5,3,4,3,,,{J} Chaque joueur sacrifie un Personnage.,,ALT_CORE_B_OR_20_C,https://altered-prod-eu.s3.amazonaws.com/Art/CORE/CARDS/ALT_CORE_B_OR_20/JPG/fr_FR/9002c49f0f49bf6e28720af66439166d.jpg
BTG-142-C-FR,False,0,2,False,Issitoq,Ordis,Commun,Personnage,6,6,4,4,4,,,Votre autre Expédition et l'Expédition qui lui fait face ne peuvent pas avancer.,{D} : Piochez une carte. (Défaussez-moi de la Réserve pour ça.),ALT_CORE_B_OR_19_C,https://altered-prod-eu.s3.amazonaws.com/Art/CORE/CARDS/ALT_CORE_B_OR_19/JPG/fr_FR/13115bd4b55b8dac74f2e1f32cad4316.jpg
BTG-143-C-FR,False,0,5,False,Chargez !,Ordis,Commun,Sort,2,2,,,,,,[[Fugace]]. (Envoyez-moi à la Défausse plutôt qu'en Réserve après résolution de mon effet.)  Les Personnages que vous contrôlez gagnent 1 boost[]. (Les cartes en Réserve ne sont pas contrôlées. Un boost est un compteur +1/+1/+1. Retirez-le lorsqu'il quitte la zone d'Expédition.),,ALT_CORE_B_OR_23_C,https://altered-prod-eu.s3.amazonaws.com/Art/CORE/CARDS/ALT_CORE_B_OR_23/JPG/fr_FR/f78e6f848c03761b23e171959155ea34.jpg
BTG-143-C-FR,False,0,1,False,Chargez !,Ordis,Commun,Sort,2,2,,,,,,[[Fugace]]. (Envoyez-moi à la Défausse plutôt qu'en Réserve après résolution de mon effet.)  Les Personnages que vous contrôlez gagnent 1 boost[]. (Les cartes en Réserve ne sont pas contrôlées. Un boost est un compteur +1/+1/+1. Retirez-le lorsqu'il quitte la zone d'Expédition.),,ALT_COREKS_B_OR_23_C,https://altered-prod-eu.s3.amazonaws.com/Art/COREKS/CARDS/ALT_CORE_B_OR_23/JPG/fr_FR/7baf0e5eac5cbd592529eb36d2bd3cb2.jpg
BTG-144-C-FR,False,0,1,False,Entraînement à l'Esprit d'Équipe,Ordis,Commun,Sort,2,2,,,,,,"[[Fugace]]. (Envoyez-moi à la Défausse plutôt qu'en Réserve après résolution de mon effet.)  Envoyez en Réserve un Personnage ciblé de Coût de Main {X} ou moins, X étant est le nombre de Personnages que vous contrôlez.",,ALT_CORE_B_OR_24_C,https://altered-prod-eu.s3.amazonaws.com/Art/CORE/CARDS/ALT_CORE_B_OR_24/JPG/fr_FR/d3367c86e87d14cbefda4659220c43ea.jpg
BTG-144-C-FR,False,0,1,False,Entraînement à l'Esprit d'Équipe,Ordis,Commun,Sort,2,2,,,,,,"[[Fugace]]. (Envoyez-moi à la Défausse plutôt qu'en Réserve après résolution de mon effet.)  Envoyez en Réserve un Personnage ciblé de Coût de Main {X} ou moins, X étant est le nombre de Personnages que vous contrôlez.",,ALT_COREKS_B_OR_24_C,https://altered-prod-eu.s3.amazonaws.com/Art/COREKS/CARDS/ALT_CORE_B_OR_24/JPG/fr_FR/b626ae97399831510fb5cd9df7fbd7aa.jpg
BTG-145-C-FR,False,0,3,False,Sceaux Adhésifs,Ordis,Commun,Sort,3,3,,,,,,[[Fugace]]. (Envoyez-moi à la Défausse plutôt qu'en Réserve après résolution de mon effet.)  Choisissez l'un :  • Envoyez en Réserve un Personnage ciblé de Coût de Main {4} ou plus.  • Défaussez un Permanent ciblé de Coût de Main {4} ou plus.,,ALT_CORE_B_OR_25_C,https://altered-prod-eu.s3.amazonaws.com/Art/CORE/CARDS/ALT_CORE_B_OR_25/JPG/fr_FR/4af28e27e66a7cd469ddb250f7de6379.jpg
BTG-146-C-FR,False,0,2,False,Jour de Célébration,Ordis,Commun,Sort,5,5,,,,,,[[Fugace]]. (Envoyez-moi à la Défausse plutôt qu'en Réserve après résolution de mon effet.)  Une Expédition ciblée ne peut pas avancer ce Jour.,,ALT_CORE_B_OR_27_C,https://altered-prod-eu.s3.amazonaws.com/Art/CORE/CARDS/ALT_CORE_B_OR_27/JPG/fr_FR/9aaf7217422fb902180290e5b4582df5.jpg
BTG-147-C-FR,False,0,1,False,Ouvrez les Portes,Ordis,Commun,Sort,5,6,,,,,,Créez deux jetons Soldat [1/1/1 Recrue Ordis] dans chacune de vos Expéditions.,,ALT_CORE_B_OR_26_C,https://altered-prod-eu.s3.amazonaws.com/Art/CORE/CARDS/ALT_CORE_B_OR_26/JPG/fr_FR/64c960d6a4fd09a8a7d157ff70f101b0.jpg
BTG-147-R-FR,False,0,1,False,Ouvrez les Portes,Ordis,Rare,Sort,5,#5#,,,,,,"Créez #quatre# jetons Soldat [1/1/1 Recrue Ordis], #distribués comme vous le souhaitez dans n'importe quel nombre d'Expéditions ciblées#.",,ALT_CORE_B_OR_26_R1,https://altered-prod-eu.s3.amazonaws.com/Art/CORE/CARDS/ALT_CORE_B_OR_26/JPG/fr_FR/91f0431258c602ff4a7f2acd61276d9c.jpg
BTG-147-F-FR,False,0,1,False,Ouvrez les Portes,Axiom,Rare,Sort,#4#,#5#,,,,,,Créez #un jeton Robot [2/2/2 Scarabot]# dans chacune de vos Expéditions.,,ALT_CORE_B_OR_26_R2,https://altered-prod-eu.s3.amazonaws.com/Art/CORE/CARDS/ALT_CORE_B_OR_26/JPG/fr_FR/5725cf7635e3c8faf4f3e3ceea4d6643.jpg
BTG-148-C-FR,False,0,5,False,Transporteur Ordis,Ordis,Commun,Permanent,3,3,,,,,,À Midi — Créez un jeton Soldat [1/1/1 Recrue Ordis] dans votre Expédition Compagnon.,,ALT_CORE_B_OR_30_C,https://altered-prod-eu.s3.amazonaws.com/Art/CORE/CARDS/ALT_CORE_B_OR_30/JPG/fr_FR/a4ccfb19807e78f9ab4779916c50c83f.jpg
BTG-149-C-FR,False,0,4,False,"Le Monolithe, Bastion Ordis",Ordis,Commun,Permanent,5,5,,,,,,Lorsqu'un Personnage rejoint vos Expéditions — Il gagne 1 boost[]. (Un boost est un compteur +1/+1/+1. Retirez-le lorsqu'il quitte la zone d'Expédition.),,ALT_CORE_B_OR_28_C,https://altered-prod-eu.s3.amazonaws.com/Art/CORE/CARDS/ALT_CORE_B_OR_28/JPG/fr_FR/14031f51a24fe77b7a84f563e5ad32ae.jpg
BTG-150-C-FR,False,0,1,False,Grand Projet,Ordis,Commun,Permanent,6,6,,,,,,À Midi — Une Expédition ciblée avance d'une région.,,ALT_CORE_B_OR_29_C,https://altered-prod-eu.s3.amazonaws.com/Art/CORE/CARDS/ALT_CORE_B_OR_29/JPG/fr_FR/4ef6bbbbcc613de10f241f060477b8ee.jpg
BTG-151-H-FR,False,0,3,False,Akesha & Taru,Yzmir,Commun,Héros,0,0,,,,2,2,{T} : [Après vous]. Vous pouvez seulement activer cela si vous êtes le premier joueur. (Terminez votre tour comme si vous aviez joué une carte. Vous pouvez encore jouer des cartes plus tard ce Jour.),,ALT_CORE_B_YZ_01_C,https://altered-prod-eu.s3.amazonaws.com/Art/CORE/CARDS/ALT_CORE_B_YZ_01/JPG/fr_FR/b63c1fd1d5a5cdc7040da4c2bd86ca81.jpg
BTG-152-H-FR,False,0,1,False,Afanas & Senka,Yzmir,Commun,Héros,0,0,,,,2,2,Lorsque vous jouez un Sort — Un Personnage ciblé que vous contrôlez gagne 1 boost[]. (Faites cela après que le sort est résolu. Un boost est un compteur +1/+1/+1. Retirez-le lorsqu'il quitte la zone d'Expédition.),,ALT_COREKS_B_YZ_03_C,https://altered-prod-eu.s3.amazonaws.com/Art/COREKS/CARDS/ALT_CORE_B_YZ_03/JPG/fr_FR/bf657b620d1cb318c44041141dd9db32.jpg
BTG-152-H-FR,False,0,1,False,Afanas & Senka,Yzmir,Commun,Héros,0,0,,,,2,2,Lorsque vous jouez un Sort — Un Personnage ciblé que vous contrôlez gagne 1 boost[]. (Faites cela après que le sort est résolu. Un boost est un compteur +1/+1/+1. Retirez-le lorsqu'il quitte la zone d'Expédition.),,ALT_CORE_B_YZ_03_C,https://altered-prod-eu.s3.amazonaws.com/Art/CORE/CARDS/ALT_CORE_B_YZ_03/JPG/fr_FR/0f96a108839f4dd5be886fe30890ab9f.jpg
BTG-153-H-FR,False,0,1,False,Lindiwe & Maw,Yzmir,Commun,Héros,0,0,,,,2,2,{T} : Créez un jeton Compagnon [0/0/0 Maw] dans votre Expédition Compagnon avec « Lorsque vous sacrifiez un Personnage — Je gagne 2 boosts ». Cette action coûte {1} de plus si vous n'êtes pas le premier joueur.,,ALT_COREKS_B_YZ_02_C,https://altered-prod-eu.s3.amazonaws.com/Art/COREKS/CARDS/ALT_CORE_B_YZ_02/JPG/fr_FR/a005d337276d65b3a40994c9243faeda.jpg
BTG-153-H-FR,False,0,2,False,Lindiwe & Maw,Yzmir,Commun,Héros,0,0,,,,2,2,{T} : Créez un jeton Compagnon [0/0/0 Maw] dans votre Expédition Compagnon avec « Lorsque vous sacrifiez un Personnage — Je gagne 2 boosts ». Cette action coûte {1} de plus si vous n'êtes pas le premier joueur.,,ALT_CORE_B_YZ_02_C,https://altered-prod-eu.s3.amazonaws.com/Art/CORE/CARDS/ALT_CORE_B_YZ_02/JPG/fr_FR/75b3d1bb0761505c735f00a405a6a115.jpg
BTG-154-C-FR,False,0,1,False,Méduse Lunaire,Yzmir,Commun,Personnage,1,1,1,0,1,,,"Lorsque je suis sacrifiée, si je n'étais pas [[Fugace]] — Mettez-moi en Réserve.",,ALT_COREKS_B_YZ_05_C,https://altered-prod-eu.s3.amazonaws.com/Art/COREKS/CARDS/ALT_CORE_B_YZ_05/JPG/fr_FR/cc52c455d397de382b264c1eff1389aa.jpg
BTG-154-C-FR,False,0,1,False,Méduse Lunaire,Yzmir,Commun,Personnage,1,1,1,0,1,,,"Lorsque je suis sacrifiée, si je n'étais pas [[Fugace]] — Mettez-moi en Réserve.",,ALT_CORE_B_YZ_05_C,https://altered-prod-eu.s3.amazonaws.com/Art/CORE/CARDS/ALT_CORE_B_YZ_05/JPG/fr_FR/27fec0b6aaf0e239d2b2b778db7e4097.jpg
BTG-154-F-FR,False,0,1,False,Méduse Lunaire,Axiom,Rare,Personnage,1,1,1,0,1,,,"#Lorsqu'un Robot rejoint vos Expéditions — Vous pouvez me sacrifier pour lui donner 2 boosts.#  Lorsque je suis sacrifiée, si je n'étais pas [[Fugace]] — Mettez-moi en Réserve.",,ALT_CORE_B_YZ_05_R2,https://altered-prod-eu.s3.amazonaws.com/Art/CORE/CARDS/ALT_CORE_B_YZ_05/JPG/fr_FR/58a9a9ee240dd02c8683b7cc218feced.jpg
BTG-155-C-FR,False,0,4,False,Disciple Studieux,Yzmir,Commun,Personnage,1,1,0,1,1,,,,{D} : Le prochain Sort que vous jouez ce tour coûte {1} de moins. (Défaussez-moi de la Réserve pour ça.),ALT_CORE_B_YZ_04_C,https://altered-prod-eu.s3.amazonaws.com/Art/CORE/CARDS/ALT_CORE_B_YZ_04/JPG/fr_FR/86780a1959662e6e6f9860b4f45de372.jpg
BTG-155-F-FR,False,0,1,False,Disciple Studieux,Lyra,Rare,Personnage,1,1,0,1,1,,,#{R} Le prochain Sort que vous jouez cet Après-midi coûte {1} de moins.#,{D} : Le prochain Sort que vous jouez ce tour coûte {1} de moins. (Défaussez-moi de la Réserve pour ça.),ALT_CORE_B_YZ_04_R2,https://altered-prod-eu.s3.amazonaws.com/Art/CORE/CARDS/ALT_CORE_B_YZ_04/JPG/fr_FR/af4897f3a1579e9d204a3f67bfaf9daf.jpg
BTG-156-C-FR,False,0,1,False,Mage-Danseur du Kadigir,Yzmir,Commun,Personnage,2,1,1,1,1,,,Lorsque vous jouez un Sort — Je gagne 1 boost[]. (Un boost est un compteur +1/+1/+1. Retirez-le lorsqu'il quitte la zone d'Expédition.),,ALT_COREKS_B_YZ_07_C,https://altered-prod-eu.s3.amazonaws.com/Art/COREKS/CARDS/ALT_CORE_B_YZ_07/JPG/fr_FR/de044462d8ac5b08c679673260c5de7a.jpg
BTG-156-C-FR,False,0,1,False,Mage-Danseur du Kadigir,Yzmir,Commun,Personnage,2,1,1,1,1,,,Lorsque vous jouez un Sort — Je gagne 1 boost[]. (Un boost est un compteur +1/+1/+1. Retirez-le lorsqu'il quitte la zone d'Expédition.),,ALT_CORE_B_YZ_07_C,https://altered-prod-eu.s3.amazonaws.com/Art/CORE/CARDS/ALT_CORE_B_YZ_07/JPG/fr_FR/b3c4c2053f8ec59f74902740fa0bc034.jpg
BTG-156-R-FR,False,0,1,False,Mage-Danseur du Kadigir,Yzmir,Rare,Personnage,2,1,1,1,1,,,"Lorsque vous jouez un Sort — Je gagne 1 boost.  #Au Crépuscule — Si j'ai au moins 3 boosts, piochez une carte.#",,ALT_CORE_B_YZ_07_R1,https://altered-prod-eu.s3.amazonaws.com/Art/CORE/CARDS/ALT_CORE_B_YZ_07/JPG/fr_FR/64488f5f13307c8ae3b5b043be0a86e8.jpg
BTG-156-F-FR,False,0,1,False,Mage-Danseur du Kadigir,Lyra,Rare,Personnage,2,1,1,1,1,,,Lorsque vous #lancez au moins un dé# — Je gagne 1 boost[]. (Un boost est un compteur +1/+1/+1. Retirez-le lorsqu'il quitte la zone d'Expédition.),,ALT_CORE_B_YZ_07_R2,https://altered-prod-eu.s3.amazonaws.com/Art/CORE/CARDS/ALT_CORE_B_YZ_07/JPG/fr_FR/070bb4c293d7541d73b243b8aefcb9ac.jpg
BTG-157-C-FR,False,0,5,False,Augure Yzmir,Yzmir,Commun,Personnage,2,1,1,2,1,,,,,ALT_CORE_B_YZ_08_C,https://altered-prod-eu.s3.amazonaws.com/Art/CORE/CARDS/ALT_CORE_B_YZ_08/JPG/fr_FR/a3f822fc3e2fe5a1ca28bc0d19ee2862.jpg
BTG-157-F-FR,False,0,1,False,Augure Yzmir,Axiom,Rare,Personnage,#1#,1,1,2,1,,,,,ALT_CORE_B_YZ_08_R2,https://altered-prod-eu.s3.amazonaws.com/Art/CORE/CARDS/ALT_CORE_B_YZ_08/JPG/fr_FR/be91fc4d39a94e1587e44d735c53c0bd.jpg
BTG-158-C-FR,False,0,3,False,Dame du Lac,Yzmir,Commun,Personnage,2,2,1,1,3,,,,,ALT_CORE_B_YZ_09_C,https://altered-prod-eu.s3.amazonaws.com/Art/CORE/CARDS/ALT_CORE_B_YZ_09/JPG/fr_FR/e1cc26d0c0b200f05825e2d82017d53c.jpg
BTG-158-R-FR,False,0,1,False,Dame du Lac,Yzmir,Rare,Personnage,2,2,1,1,3,,,,#{D} : Le prochain Sort que vous jouez ce tour perd [[Fugace]].# (Défaussez-moi de la Réserve pour ça.),ALT_CORE_B_YZ_09_R1,https://altered-prod-eu.s3.amazonaws.com/Art/CORE/CARDS/ALT_CORE_B_YZ_09/JPG/fr_FR/e6683eb2ce05d38bb970a59f2ef9bbfe.jpg
BTG-159-C-FR,False,0,2,False,Fée des Dents,Yzmir,Commun,Personnage,2,2,1,1,1,,,{H} [Sabotez]. (Défaussez jusqu'à une carte d'une Réserve.),,ALT_COREKS_B_YZ_06_C,https://altered-prod-eu.s3.amazonaws.com/Art/COREKS/CARDS/ALT_CORE_B_YZ_06/JPG/fr_FR/a0f389767728ebacf29ac5ea2bf34684.jpg
BTG-159-C-FR,False,0,2,False,Fée des Dents,Yzmir,Commun,Personnage,2,2,1,1,1,,,{H} [Sabotez]. (Défaussez jusqu'à une carte d'une Réserve.),,ALT_CORE_B_YZ_06_C,https://altered-prod-eu.s3.amazonaws.com/Art/CORE/CARDS/ALT_CORE_B_YZ_06/JPG/fr_FR/bba90d4ec543b9a2a4d569e30442b50a.jpg
BTG-159-R-FR,False,0,3,False,Fée des Dents,Yzmir,Rare,Personnage,2,#1#,1,1,1,,,{H} [Sabotez]. (Défaussez jusqu'à une carte d'une Réserve.),,ALT_CORE_B_YZ_06_R1,https://altered-prod-eu.s3.amazonaws.com/Art/CORE/CARDS/ALT_CORE_B_YZ_06/JPG/fr_FR/032651f046ec513be35e64df72efe323.jpg
BTG-160-C-FR,False,0,3,False,Alchimiste du Kadigir,Yzmir,Commun,Personnage,3,1,1,1,1,,,{H} Je gagne 2 boosts[]. (Un boost est un compteur +1/+1/+1. Retirez-le lorsqu'il quitte la zone d'Expédition.),,ALT_CORE_B_YZ_12_C,https://altered-prod-eu.s3.amazonaws.com/Art/CORE/CARDS/ALT_CORE_B_YZ_12/JPG/fr_FR/183bd912e46b4af4db9df3e924f6401a.jpg
BTG-160-R-FR,False,0,1,False,Alchimiste du Kadigir,Yzmir,Rare,Personnage,3,1,1,1,1,,,{H} Je gagne #3 boosts[]#. (Un boost est un compteur +1/+1/+1. Retirez-le lorsqu'il quitte la zone d'Expédition.),,ALT_CORE_B_YZ_12_R1,https://altered-prod-eu.s3.amazonaws.com/Art/CORE/CARDS/ALT_CORE_B_YZ_12/JPG/fr_FR/52e36981b0bd91c84cc37ff78ceb8e69.jpg
BTG-161-C-FR,False,0,3,False,Baba Yaga,Yzmir,Commun,Personnage,3,2,2,1,2,,,{H} Piochez une carte.,,ALT_CORE_B_YZ_11_C,https://altered-prod-eu.s3.amazonaws.com/Art/CORE/CARDS/ALT_CORE_B_YZ_11/JPG/fr_FR/ff9782b6b5078a68766467f2c5b38c16.jpg
BTG-161-R-FR,False,0,1,False,Baba Yaga,Yzmir,Rare,Personnage,3,2,#3#,#2#,2,,,{H} Piochez une carte.,,ALT_CORE_B_YZ_11_R1,https://altered-prod-eu.s3.amazonaws.com/Art/CORE/CARDS/ALT_CORE_B_YZ_11/JPG/fr_FR/2e960f954fe92a902a32a5e1ec25aa94.jpg
BTG-162-C-FR,False,0,5,False,Alice,Yzmir,Commun,Personnage,3,3,2,2,4,,,,{D} : [Après vous]. (Défaussez-moi de la Réserve pour ça.),ALT_CORE_B_YZ_13_C,https://altered-prod-eu.s3.amazonaws.com/Art/CORE/CARDS/ALT_CORE_B_YZ_13/JPG/fr_FR/1b5a17dffa5f428aee1c50ad64b9ff36.jpg
BTG-162-R-FR,False,0,1,False,Alice,Yzmir,Rare,Personnage,3,3,#3#,#3#,4,,,,{D} : [Après vous]. (Défaussez-moi de la Réserve pour ça.),ALT_CORE_B_YZ_13_R1,https://altered-prod-eu.s3.amazonaws.com/Art/CORE/CARDS/ALT_CORE_B_YZ_13/JPG/fr_FR/5d92c3948e91997ceace67bf7f820857.jpg
BTG-162-F-FR,False,0,1,False,Alice,Lyra,Rare,Personnage,3,3,#3#,#3#,4,,,,{D} : [Après vous]. (Défaussez-moi de la Réserve pour ça.),ALT_CORE_B_YZ_13_R2,https://altered-prod-eu.s3.amazonaws.com/Art/CORE/CARDS/ALT_CORE_B_YZ_13/JPG/fr_FR/0ddefa1bc3386398b753ca928374a9bd.jpg
BTG-163-C-FR,False,0,2,False,Baku,Yzmir,Commun,Personnage,4,2,2,2,2,,,{H} L'adversaire ciblé se défausse d'une carte de sa main.,,ALT_COREKS_B_YZ_10_C,https://altered-prod-eu.s3.amazonaws.com/Art/COREKS/CARDS/ALT_CORE_B_YZ_10/JPG/fr_FR/44999181e0551d30462e6235f85f6703.jpg
BTG-163-C-FR,False,0,2,False,Baku,Yzmir,Commun,Personnage,4,2,2,2,2,,,{H} L'adversaire ciblé se défausse d'une carte de sa main.,,ALT_CORE_B_YZ_10_C,https://altered-prod-eu.s3.amazonaws.com/Art/CORE/CARDS/ALT_CORE_B_YZ_10/JPG/fr_FR/1216b128ea8deb10e008820e6121be29.jpg
BTG-164-C-FR,False,0,1,False,Flamel,Yzmir,Commun,Personnage,4,3,4,3,3,,,{H} Vous pouvez renvoyer un Sort de votre Réserve dans votre main.,{D} : Le prochain Sort que vous jouez ce tour coûte {1} de moins. (Défaussez-moi de la Réserve pour ça.),ALT_CORE_B_YZ_14_C,https://altered-prod-eu.s3.amazonaws.com/Art/CORE/CARDS/ALT_CORE_B_YZ_14/JPG/fr_FR/8b11fa66b9822aec7de488f761639c22.jpg
BTG-164-C-FR,False,0,2,False,Flamel,Yzmir,Commun,Personnage,4,3,4,3,3,,,{H} Vous pouvez renvoyer un Sort de votre Réserve dans votre main.,{D} : Le prochain Sort que vous jouez ce tour coûte {1} de moins. (Défaussez-moi de la Réserve pour ça.),ALT_COREKS_B_YZ_14_C,https://altered-prod-eu.s3.amazonaws.com/Art/COREKS/CARDS/ALT_CORE_B_YZ_14/JPG/fr_FR/3b0f0be28e5e2ed2fd9356607e19b5a8.jpg
BTG-165-C-FR,False,0,2,False,"Kuwat, le Dissident",Yzmir,Commun,Personnage,4,4,5,5,5,,,{J} Sacrifiez un Personnage dans mon Expédition.,,ALT_CORE_B_YZ_15_C,https://altered-prod-eu.s3.amazonaws.com/Art/CORE/CARDS/ALT_CORE_B_YZ_15/JPG/fr_FR/bd13a0b49782296ce9c2428fdd2a5b54.jpg
BTG-165-F-FR,False,0,1,False,"Kuwat, le Dissident",Ordis,Rare,Personnage,4,4,5,5,5,,,{J} Sacrifiez un Personnage dans mon Expédition.,,ALT_CORE_B_YZ_15_R2,https://altered-prod-eu.s3.amazonaws.com/Art/CORE/CARDS/ALT_CORE_B_YZ_15/JPG/fr_FR/5da2f66a0b16dbf584fa9608c370ab62.jpg
BTG-166-C-FR,False,0,1,False,Dorothy Gale,Yzmir,Commun,Personnage,5,3,3,2,2,,,{H} Vous pouvez envoyer un Personnage ciblé en Réserve.,,ALT_COREKS_B_YZ_16_C,https://altered-prod-eu.s3.amazonaws.com/Art/COREKS/CARDS/ALT_CORE_B_YZ_16/JPG/fr_FR/9de4607d66ee3aeb2aac425d95f2d672.jpg
BTG-166-C-FR,False,0,4,False,Dorothy Gale,Yzmir,Commun,Personnage,5,3,3,2,2,,,{H} Vous pouvez envoyer un Personnage ciblé en Réserve.,,ALT_CORE_B_YZ_16_C,https://altered-prod-eu.s3.amazonaws.com/Art/CORE/CARDS/ALT_CORE_B_YZ_16/JPG/fr_FR/82c7d9b37d925f8ecb46bff6fee4c12c.jpg
BTG-166-R-FR,False,0,1,False,Dorothy Gale,Yzmir,Rare,Personnage,5,#5#,3,2,2,,,#{J}# Vous pouvez envoyer un Personnage ciblé en Réserve.,,ALT_CORE_B_YZ_16_R1,https://altered-prod-eu.s3.amazonaws.com/Art/CORE/CARDS/ALT_CORE_B_YZ_16/JPG/fr_FR/cf82fdc7820625b0192b3949060d170b.jpg
BTG-167-C-FR,False,0,1,False,Sakarabru,Yzmir,Commun,Personnage,7,4,4,4,4,,,{H} L'Expédition adverse qui me fait face recule d'une région.,,ALT_COREKS_B_YZ_18_C,https://altered-prod-eu.s3.amazonaws.com/Art/COREKS/CARDS/ALT_CORE_B_YZ_18/JPG/fr_FR/792e68b2da7624ee9f4eb152db48397b.jpg
BTG-167-C-FR,False,0,3,False,Sakarabru,Yzmir,Commun,Personnage,7,4,4,4,4,,,{H} L'Expédition adverse qui me fait face recule d'une région.,,ALT_CORE_B_YZ_18_C,https://altered-prod-eu.s3.amazonaws.com/Art/CORE/CARDS/ALT_CORE_B_YZ_18/JPG/fr_FR/2638d99899eb8d222530bd6b6aec9d81.jpg
BTG-167-R-FR,False,0,1,False,Sakarabru,Yzmir,Rare,Personnage,7,4,#5#,#5#,#5#,,,{H} L'Expédition adverse qui me fait face recule d'une région.,#{D} : Piochez une carte.# (Défaussez-moi de la Réserve pour ça.),ALT_CORE_B_YZ_18_R1,https://altered-prod-eu.s3.amazonaws.com/Art/CORE/CARDS/ALT_CORE_B_YZ_18/JPG/fr_FR/2c0ce0e56f205ed874901141e754812b.jpg
BTG-168-C-FR,False,0,1,False,Le Kraken,Yzmir,Commun,Personnage,7,7,0,0,8,,,[Gigantesque]. (Je suis considéré présent dans chacune de vos Expéditions.)  {J} Sacrifiez deux Personnages.  Toutes les régions sont {O} et perdent leurs autres types.,,ALT_COREKS_B_YZ_17_C,https://altered-prod-eu.s3.amazonaws.com/Art/COREKS/CARDS/ALT_COREKS_B_YZ_17/JPG/fr_FR/1b636ef8c74283a14e38bbb1d7d45bfd.jpg
BTG-168-C-FR,False,0,2,False,Le Kraken,Yzmir,Commun,Personnage,7,7,0,0,8,,,[Gigantesque]. (Je suis considéré présent dans chacune de vos Expéditions.)  {J} Sacrifiez deux Personnages.  Toutes les régions sont {O} et perdent leurs autres types.,,ALT_CORE_B_YZ_17_C,https://altered-prod-eu.s3.amazonaws.com/Art/CORE/CARDS/ALT_CORE_B_YZ_17/JPG/fr_FR/b62b90e16dd1095b7412d3ed70c936b7.jpg
BTG-169-C-FR,False,0,2,False,Entraînement Magique,Yzmir,Commun,Sort,1,3,,,,,,Piochez une carte.,,ALT_COREKS_B_YZ_19_C,https://altered-prod-eu.s3.amazonaws.com/Art/COREKS/CARDS/ALT_CORE_B_YZ_19/JPG/fr_FR/a2c78b6c862490db634abc5ca8723068.jpg
BTG-169-C-FR,False,0,1,False,Entraînement Magique,Yzmir,Commun,Sort,1,3,,,,,,Piochez une carte.,,ALT_CORE_B_YZ_19_C,https://altered-prod-eu.s3.amazonaws.com/Art/CORE/CARDS/ALT_CORE_B_YZ_19/JPG/fr_FR/bf9a19ed957e4965a94b30c7a96dec8b.jpg
BTG-170-C-FR,False,0,3,False,Don de Soi,Yzmir,Commun,Sort,2,2,,,,,,"[[Fugace]]. (Envoyez-moi à la Défausse plutôt qu'en Réserve après résolution de mon effet.)  Sacrifiez un Personnage. Si vous le faites, piochez deux cartes.",,ALT_COREKS_B_YZ_20_C,https://altered-prod-eu.s3.amazonaws.com/Art/COREKS/CARDS/ALT_CORE_B_YZ_20/JPG/fr_FR/90a359fcbee2926fb13e25869383249b.jpg
BTG-170-C-FR,False,0,2,False,Don de Soi,Yzmir,Commun,Sort,2,2,,,,,,"[[Fugace]]. (Envoyez-moi à la Défausse plutôt qu'en Réserve après résolution de mon effet.)  Sacrifiez un Personnage. Si vous le faites, piochez deux cartes.",,ALT_CORE_B_YZ_20_C,https://altered-prod-eu.s3.amazonaws.com/Art/CORE/CARDS/ALT_CORE_B_YZ_20/JPG/fr_FR/ed22912989872bad867d3cbb7c807b0a.jpg
BTG-171-C-FR,False,0,4,False,Espionnage,Yzmir,Commun,Sort,2,2,,,,,,"[[Fugace]]. (Envoyez-moi à la Défausse plutôt qu'en Réserve après résolution de mon effet.)  [Sabotez], puis [Ravitaillez]. (Défaussez jusqu'à une carte d'une Réserve. Mettez la première carte de votre deck en Réserve.)",,ALT_CORE_B_YZ_22_C,https://altered-prod-eu.s3.amazonaws.com/Art/CORE/CARDS/ALT_CORE_B_YZ_22/JPG/fr_FR/deba34d52caf7ccd4227918fb710d8da.jpg
BTG-172-C-FR,False,0,3,False,Zou !,Yzmir,Commun,Sort,2,4,,,,,,Envoyez en Réserve un Personnage ciblé de Coût de Main {3} ou moins.,,ALT_CORE_B_YZ_21_C,https://altered-prod-eu.s3.amazonaws.com/Art/CORE/CARDS/ALT_CORE_B_YZ_21/JPG/fr_FR/16849caddf7730cbb11dcc8850b0baee.jpg
BTG-172-F-FR,False,0,1,False,Zou !,Lyra,Rare,Sort,2,4,,,,,,Envoyez en Réserve un Personnage ciblé de Coût de Main {3} ou moins.,,ALT_CORE_B_YZ_21_R2,https://altered-prod-eu.s3.amazonaws.com/Art/CORE/CARDS/ALT_CORE_B_YZ_21/JPG/fr_FR/cd6e33f8ff8dc2a79a96d497a1eb4a24.jpg
BTG-173-C-FR,False,0,3,False,Sceau de Conjuration,Yzmir,Commun,Sort,3,5,,,,,,Piochez deux cartes.,,ALT_COREKS_B_YZ_23_C,https://altered-prod-eu.s3.amazonaws.com/Art/COREKS/CARDS/ALT_CORE_B_YZ_23/JPG/fr_FR/32271fcfd3ea2128eb8163ec8bc09f68.jpg
BTG-173-C-FR,False,0,1,False,Sceau de Conjuration,Yzmir,Commun,Sort,3,5,,,,,,Piochez deux cartes.,,ALT_CORE_B_YZ_23_C,https://altered-prod-eu.s3.amazonaws.com/Art/CORE/CARDS/ALT_CORE_B_YZ_23/JPG/fr_FR/34de798d011d135d11c1414fd7847ab1.jpg
BTG-173-F-FR,False,0,1,False,Sceau de Conjuration,Ordis,Rare,Sort,3,5,,,,,,Piochez deux cartes.,,ALT_CORE_B_YZ_23_R2,https://altered-prod-eu.s3.amazonaws.com/Art/CORE/CARDS/ALT_CORE_B_YZ_23/JPG/fr_FR/a31c985ec1f8348381deebc434642e80.jpg
BTG-174-C-FR,False,0,5,False,Portail de Bannissement,Yzmir,Commun,Sort,4,4,,,,,,[[Fugace]]. (Envoyez-moi à la Défausse plutôt qu'en Réserve après résolution de mon effet.)  Défaussez un Personnage ou Permanent ciblé.,,ALT_CORE_B_YZ_24_C,https://altered-prod-eu.s3.amazonaws.com/Art/CORE/CARDS/ALT_CORE_B_YZ_24/JPG/fr_FR/b5672607bd35405487df3058716ef4fd.jpg
BTG-175-C-FR,False,0,4,False,Furie du Kraken,Yzmir,Commun,Sort,5,5,,,,,,[[Fugace]]. (Envoyez-moi à la Défausse plutôt qu'en Réserve après résolution de mon effet.)  Envoyez en Réserve jusqu'à trois Personnages ciblés de Coût de Main total de {5} ou moins.,,ALT_CORE_B_YZ_26_C,https://altered-prod-eu.s3.amazonaws.com/Art/CORE/CARDS/ALT_CORE_B_YZ_26/JPG/fr_FR/1b53c0561622593ed08e958547087494.jpg
BTG-175-F-FR,False,0,1,False,Furie du Kraken,Axiom,Rare,Sort,5,5,,,,,,[[Fugace]]. (Envoyez-moi à la Défausse plutôt qu'en Réserve après résolution de mon effet.)  Envoyez en Réserve jusqu'à #quatre# Personnages ciblés de Coût de Main total de #{6} ou moins#.,,ALT_CORE_B_YZ_26_R2,https://altered-prod-eu.s3.amazonaws.com/Art/CORE/CARDS/ALT_CORE_B_YZ_26/JPG/fr_FR/835a9ee1f6ebdb4ad010a5636a4d20b9.jpg
BTG-176-C-FR,False,0,1,False,"Petit Pas, Bond de Géant",Yzmir,Commun,Sort,6,6,,,,,,[[Fugace]]. (Envoyez-moi à la Défausse plutôt qu'en Réserve après résolution de mon effet.)  Une Expédition ciblée avance d'une région.,,ALT_COREKS_B_YZ_25_C,https://altered-prod-eu.s3.amazonaws.com/Art/COREKS/CARDS/ALT_CORE_B_YZ_25/JPG/fr_FR/41557f74942a621dc653cc656e097efa.jpg
BTG-176-C-FR,False,0,2,False,"Petit Pas, Bond de Géant",Yzmir,Commun,Sort,6,6,,,,,,[[Fugace]]. (Envoyez-moi à la Défausse plutôt qu'en Réserve après résolution de mon effet.)  Une Expédition ciblée avance d'une région.,,ALT_CORE_B_YZ_25_C,https://altered-prod-eu.s3.amazonaws.com/Art/CORE/CARDS/ALT_CORE_B_YZ_25/JPG/fr_FR/20b3ce057125dd911f13ce17e2ad5bfb.jpg
BTG-177-C-FR,False,0,2,False,Explosion Céleste,Yzmir,Commun,Sort,7,7,,,,,,"[[Fugace]]. (Envoyez-moi à la Défausse plutôt qu'en Réserve après résolution de mon effet.)  Défaussez jusqu'à deux cibles, Personnages ou Permanents.",,ALT_COREKS_B_YZ_27_C,https://altered-prod-eu.s3.amazonaws.com/Art/COREKS/CARDS/ALT_CORE_B_YZ_27/JPG/fr_FR/b1ff724f86f17edce364b240ea9940bb.jpg
BTG-177-C-FR,False,0,2,False,Explosion Céleste,Yzmir,Commun,Sort,7,7,,,,,,"[[Fugace]]. (Envoyez-moi à la Défausse plutôt qu'en Réserve après résolution de mon effet.)  Défaussez jusqu'à deux cibles, Personnages ou Permanents.",,ALT_CORE_B_YZ_27_C,https://altered-prod-eu.s3.amazonaws.com/Art/CORE/CARDS/ALT_CORE_B_YZ_27/JPG/fr_FR/862d74f60ab6c744fb8193798505ab18.jpg
BTG-178-C-FR,False,0,2,False,L'Isba de Baba,Yzmir,Commun,Permanent,3,3,,,,,,"{J} Piochez une carte.  {T}, Sacrifiez un Personnage : [Après vous]. (Terminez votre tour comme si vous aviez joué une carte. Vous pouvez encore jouer des cartes plus tard ce Jour.)",,ALT_COREKS_B_YZ_28_C,https://altered-prod-eu.s3.amazonaws.com/Art/COREKS/CARDS/ALT_CORE_B_YZ_28/JPG/fr_FR/8c884142b6712f05633228b6c24998f1.jpg
BTG-178-C-FR,False,0,1,False,L'Isba de Baba,Yzmir,Commun,Permanent,3,3,,,,,,"{J} Piochez une carte.  {T}, Sacrifiez un Personnage : [Après vous]. (Terminez votre tour comme si vous aviez joué une carte. Vous pouvez encore jouer des cartes plus tard ce Jour.)",,ALT_CORE_B_YZ_28_C,https://altered-prod-eu.s3.amazonaws.com/Art/CORE/CARDS/ALT_CORE_B_YZ_28/JPG/fr_FR/b2ce296e9fb89a78f8d6af896b11089b.jpg
BTG-178-R-FR,False,0,1,False,L'Isba de Baba,Yzmir,Rare,Permanent,#2#,#2#,,,,,,"{J} Piochez une carte.  {T}, Sacrifiez un Personnage : [Après vous]. (Terminez votre tour comme si vous aviez joué une carte. Vous pouvez encore jouer des cartes plus tard ce Jour.)",,ALT_CORE_B_YZ_28_R1,https://altered-prod-eu.s3.amazonaws.com/Art/CORE/CARDS/ALT_CORE_B_YZ_28/JPG/fr_FR/fa1c079e3b3ab0e1db3f3c05cd50aeac.jpg
BTG-179-C-FR,False,0,1,False,Fragment d'Éther,Yzmir,Commun,Permanent,5,5,,,,,,À Midi — Piochez une carte.,,ALT_COREKS_B_YZ_29_C,https://altered-prod-eu.s3.amazonaws.com/Art/COREKS/CARDS/ALT_CORE_B_YZ_29/JPG/fr_FR/a56302730253eeb2ff47c4d9c7f8283e.jpg
BTG-179-R-FR,False,0,1,False,Fragment d'Éther,Yzmir,Rare,Permanent,5,5,,,,,,#{J} Piochez une carte.#  À Midi — Piochez une carte.,,ALT_CORE_B_YZ_29_R1,https://altered-prod-eu.s3.amazonaws.com/Art/CORE/CARDS/ALT_CORE_B_YZ_29/JPG/fr_FR/a514ef1c1a0c51ee60cee1072ea9274d.jpg
BTG-180-C-FR,False,0,1,False,"Le Kadigir, Bastion Yzmir",Yzmir,Commun,Permanent,8,8,,,,,,{T} : Le prochain Sort que vous jouez ce tour est gratuit.,,ALT_CORE_B_YZ_30_C,https://altered-prod-eu.s3.amazonaws.com/Art/CORE/CARDS/ALT_CORE_B_YZ_30/JPG/fr_FR/b02271ca531ac3d2b3483320942ed965.jpg
BTG-180-C-FR,False,0,2,False,"Le Kadigir, Bastion Yzmir",Yzmir,Commun,Permanent,8,8,,,,,,{T} : Le prochain Sort que vous jouez ce tour est gratuit.,,ALT_COREKS_B_YZ_30_C,https://altered-prod-eu.s3.amazonaws.com/Art/COREKS/CARDS/ALT_CORE_B_YZ_30/JPG/fr_FR/06ee3a2a5e5e64317edeb5107ba4498b.jpg
BTG-180-R-FR,False,0,1,False,"Le Kadigir, Bastion Yzmir",Yzmir,Rare,Permanent,8,8,,,,,,"{T} : Le prochain Sort que vous jouez ce tour est gratuit. #Si vous le jouez de votre main, il perd [[Fugace]].#",,ALT_CORE_B_YZ_30_R1,https://altered-prod-eu.s3.amazonaws.com/Art/CORE/CARDS/ALT_CORE_B_YZ_30/JPG/fr_FR/fba68cebb054a3281dd513b6558c25c8.jpg
